municipio_ibge,contagem,soma
1100106,3318,598407.0
1100379,770,124060.0
1100205,26561,4151746.0
1100940,1114,151549.0
1100304,2821,422107.0
1100114,2085,245122.0
1101476,195,30236.0
1100155,1157,159238.0
1101492,975,129008.0
1101559,255,40364.0
1100064,375,54863.0
5204557,237,34985.0
1400282,1382,281945.0
1100346,1256,164258.0
1400472,3892,878810.0
1100031,189,26920.0
1100130,1838,227931.0
1501451,2606,451384.0
1502152,3582,754157.0
5212055,300,53534.0
1503044,2316,408530.0
5219738,522,121976.0
1504976,1529,291509.0
5221577,322,69847.0
1505650,3181,860663.0
5203962,480,76488.0
5203939,155,21646.0
1507466,1082,275203.0
1508035,5568,1234700.0
1600808,2345,782092.0
5201454,229,40213.0
1700301,553,108149.0
5216452,168,22836.0
5205497,6036,1197761.0
1704600,182,34250.0
1706258,99,18072.0
5200555,468,93279.0
1712157,186,38783.0
5214879,151,21893.0
1713700,340,61947.0
5107404,271,43736.0
1718451,255,51098.0
5106653,445,80156.0
5107065,837,224857.0
1720002,268,40752.0
5107198,145,24089.0
1721257,133,30167.0
2100154,2431,548796.0
1200104,3335,657174.0
1200203,10317,3349142.0
2100477,4541,1344879.0
5107263,264,47632.0
2101251,2929,509814.0
5106158,959,174218.0
5108956,424,71346.0
2101731,1654,531668.0
2101939,900,171552.0
5100359,499,94045.0
2102036,4890,918331.0
5103353,2124,460199.0
2102150,1741,477134.0
5103957,263,65129.0
2102358,2544,671666.0
1200401,25556,5703990.0
2102556,1550,303862.0
5006002,973,168715.0
2103125,1949,451716.0
1200609,7261,2560215.0
2103174,3286,895650.0
1200450,4051,1016220.0
2103752,1624,255954.0
1200344,1727,588586.0
1200054,1413,445873.0
2104081,1957,476077.0
2104552,2254,375439.0
5005251,409,92775.0
2104651,2018,510624.0
2105153,2623,745731.0
1703826,308,73703.0
2105351,2431,583831.0
2105450,1695,409220.0
2105658,940,270882.0
1712801,397,69456.0
2105948,1377,261411.0
1716307,514,91463.0
2106359,1392,272188.0
1718865,445,58590.0
2106631,1928,404176.0
2107258,819,237415.0
1300102,2890,745702.0
2107456,3295,741825.0
1300201,2073,735069.0
1300300,7442,2106561.0
2108256,5041,1085869.0
1300409,2544,496002.0
2109056,1426,306550.0
1300607,5313,1632329.0
2109270,3801,1078230.0
1300805,5305,1566579.0
2109551,959,170400.0
1301001,5857,1842377.0
2110237,1536,323652.0
1301209,10028,2357010.0
1301407,5272,1749084.0
2110856,1450,249729.0
1301605,3477,835596.0
2111052,1510,279498.0
1303601,2176,621744.0
2111250,1457,341642.0
2111532,1393,236272.0
2111631,1222,366585.0
1302108,970,308679.0
2111722,1669,325182.0
1302306,3285,1131821.0
2111763,2596,615561.0
1302504,17256,3993172.0
2111953,889,157995.0
1302702,6061,1239818.0
2112274,1301,413548.0
1302900,9158,2724939.0
1303106,4370,1178648.0
2200459,962,276687.0
1303403,15535,3520025.0
2201176,834,194337.0
1303700,4186,1190872.0
1303908,4236,1253386.0
2201572,688,145582.0
2201739,1340,290865.0
1304104,2536,418440.0
2201945,1161,278660.0
1304302,2843,694711.0
2202075,450,87731.0
1300029,2307,621029.0
2202117,1190,282857.0
1300086,1953,610956.0
2202174,1742,482408.0
1300631,4701,1364454.0
1300680,2384,697285.0
2202539,1168,194167.0
1400100,23681,3850293.0
2202653,974,225126.0
1400159,2297,650390.0
1400407,1976,714160.0
2203271,992,234801.0
1400605,1098,224189.0
1712702,184,39050.0
2204352,1177,243713.0
2204550,1008,287116.0
1718659,175,29514.0
2205276,894,203000.0
1703867,240,40027.0
2205458,1077,219151.0
2205524,1014,269473.0
2205573,1031,216209.0
1703305,540,149054.0
1708254,445,88406.0
2206357,1071,238521.0
1712009,209,38847.0
2206670,1154,267566.0
1717206,444,82310.0
2206753,855,155321.0
1720150,157,32661.0
2207553,822,172408.0
1721307,240,50552.0
1711902,1065,260769.0
2207934,565,143616.0
1506351,2748,510127.0
2207959,967,210473.0
2208858,934,232818.0
1500131,1130,273423.0
2209450,284,83245.0
1507151,3154,638077.0
2209757,465,118841.0
1500347,2749,518829.0
1502764,1329,262401.0
1500958,4106,860319.0
2210375,381,96300.0
1504950,4211,1272279.0
2210383,288,59164.0
1507953,9172,1634971.0
1508084,2047,262562.0
2210631,660,99599.0
1500107,33429,6954527.0
2210953,614,140810.0
1500206,10872,2174689.0
1500404,11136,2001045.0
1500503,5392,1794633.0
2211704,760,115676.0
1500701,5024,1572393.0
2401859,920,231791.0
1500909,7950,1837275.0
2404853,1181,221895.0
1501105,3567,1060120.0
2409332,1123,255805.0
1501303,13206,2481718.0
2410256,1018,271155.0
2411056,420,58800.0
1501501,10020,2281615.0
1501709,16162,3095473.0
2414456,807,170545.0
1501907,5221,1516753.0
1502103,19376,3889225.0
2500734,462,114393.0
1502301,7987,1284810.0
2501153,315,85047.0
1502509,3376,950211.0
2501534,922,206445.0
1502707,3349,494259.0
2502052,569,168247.0
1502905,8078,1805725.0
2503555,1456,423934.0
1503101,5930,2143686.0
2504033,1134,270245.0
2504157,1355,347197.0
1503507,6233,1019860.0
2504850,352,69653.0
1503705,6593,1321477.0
2505279,1220,311426.0
1503903,5828,1232007.0
1504109,1213,228773.0
1504208,16809,2664310.0
2509057,1952,440866.0
1504307,5897,1055921.0
1504406,4041,752068.0
2509339,791,202774.0
1504604,6417,1855335.0
2509396,1130,175605.0
1504802,9681,1649284.0
2512077,581,145469.0
1505007,2343,397565.0
2512721,1024,196779.0
1505205,6049,1703238.0
2512754,804,198221.0
1505403,3337,736117.0
2512788,358,81285.0
1505601,1125,201487.0
2513356,728,167726.0
2513653,433,110182.0
2513927,617,149994.0
1506005,7532,2268118.0
2513943,350,60324.0
1506203,4334,774682.0
2514552,624,150228.0
1506609,3682,594320.0
1506906,1777,371776.0
2516755,408,61953.0
1507102,2765,517627.0
2517407,346,72245.0
1507300,8057,1817301.0
2604155,2561,649786.0
1507508,2403,609247.0
2608057,2268,505754.0
1507706,5150,1525310.0
1507904,3739,851387.0
2614857,3136,631574.0
2701357,1381,270742.0
2703759,2295,516846.0
3102050,497,81459.0
1508308,9501,2671315.0
3102852,1047,237558.0
1506161,1441,231262.0
3108552,1484,332248.0
1501576,2136,409500.0
1501758,1001,199352.0
3109451,590,93644.0
1502756,5130,1289247.0
3112059,440,93002.0
3115474,857,169956.0
1504455,4668,1071463.0
3117836,1253,327159.0
1505437,3901,772574.0
3119955,72,11492.0
1505536,12222,1883069.0
1506195,4376,918756.0
3120839,365,78143.0
1600105,2113,515192.0
3121258,853,190628.0
1600204,1330,282201.0
3122470,375,56310.0
1600402,4165,1396916.0
1600279,6061,1297691.0
3127339,681,159585.0
1600600,13937,3209929.0
3127370,324,55568.0
1507458,3135,532609.0
3128253,837,171123.0
1508126,3542,767900.0
3130556,1300,240454.0
1503093,3379,595823.0
1505064,6327,1176839.0
3135357,1331,218667.0
1503754,2588,761720.0
3136520,452,82314.0
3136579,672,159285.0
1508357,1400,308006.0
3138351,437,90550.0
1200013,1791,323917.0
1200138,1363,303563.0
3138682,1049,270669.0
1200179,1400,292955.0
3140530,853,139795.0
1200252,1938,385900.0
3143153,567,146402.0
1200351,2770,876614.0
1200393,1501,504170.0
1200435,1125,433070.0
3144672,550,115574.0
3145356,1510,347893.0
1600212,776,280026.0
3145455,1181,283976.0
1600550,636,172729.0
3145877,931,132677.0
1100601,246,29343.0
3146552,664,100053.0
1100809,2617,442425.0
3148756,1215,203295.0
3150158,1235,278899.0
1100502,641,72680.0
3150570,974,180255.0
3152170,1427,341876.0
1101203,480,67486.0
1101302,812,125784.0
1101500,863,117164.0
2100105,1403,307634.0
3157336,375,51097.0
3157377,625,143035.0
2100303,3785,703691.0
3160454,1441,305453.0
2100501,1285,267905.0
3161056,459,89397.0
2100709,5876,1581805.0
3162252,840,165799.0
2100907,7322,1423866.0
3162922,2338,457058.0
2101202,13073,2349018.0
3164431,165,19365.0
2101400,9257,1646644.0
3165537,1124,187375.0
2101608,10476,1708994.0
2101806,1074,263790.0
3166956,529,121982.0
2102101,6665,2008960.0
3170438,413,80849.0
3170578,838,178227.0
2102507,4376,1272247.0
3170750,308,51976.0
2102705,3727,885182.0
3171071,672,119575.0
2102903,5214,1310335.0
3201159,985,121724.0
2103109,2251,465816.0
3203320,3028,462622.0
3204252,1051,215424.0
2103307,13598,2284508.0
3204955,462,80313.0
2103505,7051,1762899.0
3205176,898,123373.0
2103703,6958,1461609.0
3301876,1897,313836.0
2103901,2022,542907.0
3303955,1798,397313.0
3304755,5425,910777.0
2104305,1753,375019.0
3305554,8073,1609100.0
2104503,1687,284881.0
2104701,1080,192996.0
2104800,9959,1856730.0
3509957,412,104288.0
2105005,4947,1156830.0
3516853,175,27704.0
2105203,1863,414792.0
3525854,85,18708.0
2105302,14928,2454111.0
2111409,3616,717659.0
3532868,45,7801.0
2105401,9082,1731152.0
2105500,3499,910883.0
3541059,431,85346.0
2105807,1951,318103.0
2106003,1966,364084.0
3547650,42,6998.0
2106201,1916,474126.0
3554755,134,31392.0
2106409,3498,1155139.0
2106607,5605,1172028.0
4101853,121,19262.0
2106805,3011,695453.0
4103040,619,106926.0
2107001,1619,345139.0
4103958,385,58207.0
2107209,2310,673965.0
4104659,944,159810.0
2107407,3531,863398.0
4106852,231,31371.0
2107605,4306,1136985.0
4107546,589,129636.0
4108452,432,75193.0
2108009,3534,867762.0
4108957,401,45519.0
2108306,5999,1346851.0
2108504,3969,1214940.0
4118857,259,45909.0
2108702,4697,1012042.0
4120150,289,50603.0
2108900,2792,425907.0
4120655,184,24832.0
2109106,4299,777258.0
4122172,516,102268.0
2109304,1715,416457.0
2109502,2866,523644.0
4201950,341,40793.0
2111201,22556,3926141.0
2109601,5742,1003832.0
4202081,96,14497.0
2109809,7519,1463672.0
4202131,418,67094.0
2110005,9684,1851547.0
4202537,164,29776.0
2110203,5622,1293616.0
2110401,3626,1176360.0
4204194,45,4947.0
2110609,5272,1315965.0
4205357,44,8650.0
2111003,5282,1246476.0
4206751,53,8500.0
2111300,81135,12890428.0
4209177,92,15676.0
2111805,3192,727304.0
4212056,70,13469.0
2112001,1215,231292.0
4215356,143,24787.0
2112209,21765,3983778.0
4215687,130,23784.0
4215752,87,14927.0
2112605,6040,1519082.0
4218350,34,7029.0
2112803,8952,1564657.0
4300877,211,43689.0
2113009,5910,1438815.0
2102002,5572,1301856.0
2108108,3739,639780.0
2100055,8801,1338953.0
2104057,3685,582650.0
4304713,272,51265.0
1301159,3967,1120648.0
4305124,347,45000.0
1300144,1594,315843.0
4305447,276,40354.0
2709152,5354,1009567.0
4306379,224,39711.0
1101708,796,122511.0
2303659,2084,477258.0
2307254,2236,346808.0
4308250,33,4129.0
4311718,327,49262.0
2205250,966,234174.0
4312617,101,24531.0
2200202,2472,489658.0
4313334,47,7389.0
2200400,4245,655044.0
4314068,237,34589.0
2200608,1670,307473.0
4320578,99,13819.0
2200806,508,132951.0
2200905,1085,270162.0
2201101,2529,650336.0
4322343,28,3417.0
2201309,768,199011.0
4322525,141,24747.0
2201507,4810,1173974.0
4323358,15,2789.0
2201705,1023,255177.0
5102793,619,109978.0
2201903,3771,776723.0
5106240,220,39610.0
2202307,3939,759383.0
5107875,618,77186.0
2202505,2092,580437.0
5200050,964,160175.0
5200829,411,57652.0
2202901,3674,730997.0
5215231,4534,693262.0
2203107,1816,514609.0
5219456,261,41601.0
2203206,1840,497251.0
5221858,6848,901106.0
2203404,969,165412.0
5204854,830,168928.0
2203602,739,173024.0
5210158,336,46284.0
2203800,980,193284.0
5101852,559,112432.0
2204006,835,148096.0
5103361,172,35605.0
2204204,1215,212308.0
5106174,455,132758.0
2204402,1709,417185.0
5106315,254,62539.0
2204600,736,139990.0
5107578,232,35623.0
2204808,1526,231331.0
5107768,122,22242.0
2205003,1949,312807.0
5108352,201,39415.0
2205409,2569,633763.0
2406155,650,124927.0
2903276,2294,469538.0
2205607,1134,257064.0
2919553,9282,1859698.0
3202256,483,61347.0
2205805,5190,1229202.0
2206001,906,150255.0
4300471,37,5560.0
2206209,6024,1536614.0
4302220,59,10915.0
2206506,1318,297969.0
4304614,42,5941.0
2206704,1382,353844.0
4304655,237,32752.0
2206902,1067,208746.0
2203420,793,186468.0
4308433,25,4475.0
2207207,1476,335632.0
4310876,228,38749.0
2207504,2888,540562.0
4312179,61,12003.0
2207603,2110,539302.0
4314134,10,1852.0
2207801,3737,607178.0
2208007,9491,1307731.0
4315313,58,9216.0
2208205,3244,519265.0
4316733,29,3981.0
2208403,6276,1020553.0
4318614,17,3015.0
2208601,732,172384.0
4321469,37,4934.0
2208809,3775,800045.0
5003900,178,30455.0
2209104,1041,214475.0
5104526,244,51613.0
2200954,499,77097.0
2209500,718,157366.0
2209708,1133,269081.0
2209906,1218,306453.0
2210102,783,152676.0
2210300,1073,250893.0
2210607,5220,1211630.0
2211001,63866,12328494.0
2211209,3156,720806.0
2211308,2398,337554.0
2211407,871,164839.0
2203354,1226,348283.0
2300150,1879,459973.0
2304269,1457,363940.0
2304285,5318,828385.0
2304657,2525,438732.0
2305233,5419,776240.0
2305332,2677,535449.0
2309458,4097,766269.0
2310951,1273,246618.0
2311959,2997,518573.0
2313351,3898,983712.0
2100956,4934,967069.0
2110039,3778,1130878.0
2207751,888,203744.0
2202026,1489,378570.0
2300200,10214,2570935.0
2300309,9184,2101442.0
2300408,3009,738059.0
2300606,1442,374679.0
2300804,1873,415330.0
2301000,9968,1819333.0
2301208,4722,928311.0
2301406,2076,510841.0
2301604,4167,954283.0
2301802,1042,263188.0
2301901,7094,1100508.0
2302305,4719,844137.0
2302503,6535,957784.0
2302701,3960,575382.0
2302909,3110,643153.0
2303105,2786,644750.0
2303303,2779,568699.0
2303501,10583,1910726.0
2303709,33265,5851307.0
2303907,2232,602265.0
2304004,3842,800832.0
2304202,14645,2587282.0
2304400,217793,39543343.0
2304509,2281,430851.0
2304608,1433,373830.0
2304707,7767,1415490.0
2304905,1400,265193.0
2305506,10913,1857097.0
2305704,2303,525637.0
2305902,5520,929473.0
2306108,4373,843820.0
2306306,6176,986774.0
2306504,3553,706310.0
2306702,3580,660507.0
2306900,4114,592310.0
2307106,4299,831592.0
2307304,21984,3200625.0
2307700,14920,2453014.0
2307908,2059,479812.0
2308104,7790,1486052.0
2308302,5136,1175447.0
2308500,5921,1017921.0
2308708,11280,2100833.0
2308906,3171,541521.0
2309102,1976,507609.0
2309300,3822,617655.0
2309706,7189,1156993.0
2309904,969,169170.0
2310100,2086,430409.0
2310308,3682,539635.0
2310506,7025,1127773.0
2310704,4713,844605.0
2310902,2337,496037.0
2311108,2433,352044.0
2311504,2342,321112.0
2311702,2589,407265.0
2311900,2357,523287.0
2312007,5400,1347567.0
2312106,3080,702431.0
2312403,6835,1186330.0
2312601,1955,334381.0
2312809,1195,283315.0
2313005,2169,372039.0
2313203,4619,1157068.0
2313401,11462,2110575.0
2313609,4983,940987.0
2314003,6240,1501076.0
2304251,3835,813984.0
2304350,3243,509944.0
2305357,3169,674496.0
2306553,6959,1464084.0
2308351,2547,459734.0
2400109,1237,225857.0
2400406,462,111587.0
2400604,871,201927.0
2400802,1808,385167.0
2401008,5979,1155285.0
2401206,1832,410901.0
2401305,2546,434247.0
2401404,1089,204458.0
2401602,877,243610.0
2401701,1488,234188.0
2401909,699,201731.0
2402204,5134,1225811.0
2402402,457,68344.0
2402600,8394,1353218.0
2402808,1048,206801.0
2403202,1055,255872.0
2403400,1114,218630.0
2403608,4549,792257.0
2403806,1015,154371.0
2404101,302,60666.0
2404309,2064,369302.0
2404507,1921,395523.0
2404705,1725,262291.0
2404903,994,199859.0
2405405,1568,354525.0
2405603,2118,325264.0
2405801,5598,1228897.0
2406304,1353,217245.0
2406700,1318,280715.0
2407104,9270,1620280.0
2407500,1096,214473.0
2404002,755,150164.0
2407708,2082,475852.0
2407906,471,116072.0
2408102,50195,9354140.0
2408300,6000,1379661.0
2408706,567,79670.0
2408904,1977,316728.0
2409100,2069,533298.0
2409308,2161,398520.0
2409704,1198,247899.0
2409902,1645,309354.0
2410108,1912,407109.0
2410405,1584,389119.0
2410702,436,90192.0
2411106,481,102735.0
2411403,1904,262163.0
2411502,3989,660271.0
2411601,524,94830.0
2411809,448,71541.0
2412203,4753,743929.0
2412401,353,77490.0
2412609,2685,652850.0
2412807,1476,269881.0
2413003,774,166006.0
2413300,1067,286917.0
2413607,1060,173233.0
2413805,284,48357.0
2414308,250,53313.0
2414506,1668,276292.0
2414704,898,229078.0
2414902,346,71978.0
2500106,1557,405258.0
2500205,816,195776.0
2500304,4843,813429.0
2500403,2593,476192.0
2500502,2478,603220.0
2500809,3396,723768.0
2501104,3546,624610.0
2501302,3838,1007963.0
2413359,2085,442872.0
2501500,3492,819418.0
2501609,2706,631939.0
2501807,13153,2231123.0
2502003,1334,290191.0
2502201,360,83347.0
2502409,1648,399606.0
2502706,804,167836.0
2502904,1040,252333.0
2503100,747,106083.0
2503308,1485,301679.0
2503506,2824,656387.0
2503704,8125,1924697.0
2503902,1204,236127.0
2504108,439,86706.0
2504306,4234,677393.0
2504504,1152,303858.0
2504702,929,186894.0
2504900,3676,633071.0
2505105,3725,825340.0
2505303,426,103245.0
2505501,506,121842.0
2505600,1209,260219.0
2505808,716,145400.0
2506202,482,111442.0
2506400,2534,630583.0
2506608,1056,179269.0
2506707,1803,490294.0
2506905,4653,781407.0
2507200,2027,501318.0
2507309,2795,622305.0
2507507,61126,10750033.0
2507705,2735,426827.0
2507804,1113,201722.0
2508000,1682,350352.0
2508604,1825,308360.0
2509008,1980,335470.0
2509206,2303,372898.0
2509404,2802,747058.0
2509602,731,194573.0
2509800,1804,388009.0
2510006,1339,358424.0
2510204,1163,260442.0
2510402,1218,300148.0
2510600,581,112573.0
2510808,10693,1650421.0
2511004,511,120285.0
2511202,4761,917821.0
2511400,3118,774790.0
2511608,1391,400003.0
2511806,1502,274258.0
2512002,3013,858879.0
2512200,662,106704.0
2512408,2068,341946.0
2512606,321,80760.0
2513000,646,177533.0
2513208,845,210755.0
2513406,2205,395447.0
2513604,1193,341122.0
2513802,773,206724.0
2514008,694,154303.0
2514206,1227,252060.0
2514404,688,156005.0
2514602,603,133592.0
2514701,557,90511.0
2514909,1068,219771.0
2515104,1545,313587.0
2515302,9386,2284263.0
2515401,1994,434122.0
2515609,359,70552.0
2515807,1271,271020.0
2516003,4570,748395.0
2516201,11296,2785313.0
2516409,1559,377635.0
2516706,2761,767157.0
2517100,313,60448.0
2202778,1416,297232.0
2202851,974,246229.0
2211357,1180,240070.0
2200277,872,184378.0
2205953,1856,432240.0
2208650,1365,306261.0
2209351,603,87348.0
2201960,1322,276632.0
2210052,1057,225421.0
2608453,2609,550579.0
2616183,1612,324342.0
2605152,2135,369672.0
2600401,4415,660675.0
2600609,2617,449746.0
2600708,7006,1447247.0
2601003,2010,513830.0
2601201,8365,1370032.0
2601409,8291,1509907.0
2601508,2404,478103.0
2601706,11159,2221919.0
2601904,11803,1945555.0
2602100,7960,1404227.0
2602506,1339,269009.0
2602704,2678,471329.0
2602902,23942,3872397.0
2603108,3240,482268.0
2603306,1753,343825.0
2603405,1315,330713.0
2603504,3693,868933.0
2603603,1468,276742.0
2603801,3199,665704.0
2604007,10742,1807553.0
2604205,8281,1770300.0
2604601,2917,586879.0
2604809,2341,427755.0
2605202,10890,2051420.0
2605400,5087,957731.0
2605608,4064,944014.0
2605806,3270,766401.0
2606002,17929,3265193.0
2606200,10521,1901937.0
2606408,12534,2495890.0
2606606,5055,760993.0
2606804,13965,2543103.0
2607208,12094,2166150.0
2607406,844,232011.0
2607604,3495,747770.0
2607802,2148,390239.0
2608206,2823,580323.0
2608404,2903,604853.0
2608602,2344,467573.0
2608800,6234,1332728.0
2609006,3021,490387.0
2609204,2217,498121.0
2609402,9013,1568223.0
2609600,36811,5267604.0
2609808,3331,877678.0
2610004,9654,1912073.0
2610202,4125,772450.0
2610608,9130,1997398.0
2610806,4818,955588.0
2611200,2539,573910.0
2611309,5174,1127628.0
2611507,3870,882256.0
2611804,5919,867716.0
2612208,7372,1105365.0
2612406,3834,667631.0
2612505,12493,2056907.0
2612703,2777,583588.0
2612901,1957,472082.0
2613206,4043,912248.0
2613404,2833,632225.0
2613602,5379,875242.0
2613800,2679,519343.0
2614006,3034,654822.0
2614501,9753,2539156.0
2614709,2815,674774.0
2607653,4967,1001010.0
2615201,1533,366745.0
2615409,4303,654426.0
2615805,4937,1178588.0
2616001,2913,511308.0
2616209,2632,404940.0
2603454,12611,1757745.0
2607752,3559,679492.0
2611533,1106,242446.0
2706448,2130,358360.0
2702553,2602,608580.0
2706422,1735,437869.0
3112653,630,111879.0
3115458,1312,267246.0
3135076,818,202396.0
3157252,1036,180071.0
3170057,1243,208040.0
3158953,2131,453747.0
3123528,867,129241.0
3162575,513,77322.0
3101631,382,59033.0
3125952,1061,170929.0
3136652,1934,394458.0
3143450,732,124944.0
2700102,2971,880599.0
2700201,2796,486125.0
2700300,19802,3642904.0
2700409,7654,1409925.0
2700607,1226,257209.0
2701001,3861,786900.0
2701209,1997,441072.0
2701407,5936,916444.0
2701605,4283,1143416.0
2701803,1664,490038.0
2702009,1555,328733.0
2702207,759,125811.0
2702306,5563,929575.0
2702504,1874,286422.0
2702702,696,107424.0
2702900,5681,1566034.0
2703106,4952,1244346.0
2703304,2776,640764.0
2703502,1100,171123.0
2703700,1005,240540.0
2703908,766,193370.0
2704104,3228,751770.0
2704302,61812,9763229.0
2704609,2669,487443.0
2704807,2015,356979.0
2704906,672,144964.0
2705101,3600,625484.0
2705309,743,190759.0
2705507,4144,847256.0
2705606,1984,398330.0
2705804,1666,394323.0
2706000,2138,589287.0
2706406,3692,593930.0
2706802,3999,834026.0
2707008,322,71669.0
2707206,2667,704196.0
2707404,1710,294845.0
2707503,4170,950221.0
2707602,2226,602861.0
2707701,9824,1650005.0
2707909,957,180478.0
2708105,1851,306777.0
2708501,6279,1005367.0
2708907,1663,333815.0
2709103,2660,513991.0
2709301,9527,1460527.0
2702355,3937,1021215.0
2708956,2418,593847.0
3135050,5759,1419636.0
3139250,814,127839.0
3300456,47817,9060131.0
3304144,13057,2520528.0
3302270,11229,2438766.0
3306156,1028,167604.0
3300159,709,124078.0
3300951,553,126145.0
3203346,493,71846.0
3205150,650,87829.0
3527256,107,25108.0
3515152,682,111601.0
3519055,103,22071.0
3554953,214,44393.0
3556354,286,46375.0
3537156,87,17378.0
3506359,2986,565698.0
3520426,874,148214.0
3514924,141,33582.0
3533254,184,29862.0
3503950,82,15951.0
3540754,1140,180070.0
3500758,174,19461.0
3509452,339,62809.0
2922250,2196,601938.0
2922755,926,182483.0
2923035,1996,441188.0
2923050,1870,435600.0
2925758,4969,833201.0
2926657,1526,429148.0
2929057,2180,465946.0
2929370,2044,415724.0
2930154,4446,1014735.0
2930766,2584,560803.0
2932457,2862,529793.0
2933257,944,156645.0
3501152,613,106262.0
2901155,2471,423980.0
2902252,1916,411348.0
2903235,2611,468334.0
2904753,4046,1130855.0
2906873,3787,650035.0
2906824,3209,759223.0
2910859,3691,787610.0
2918357,3662,553281.0
2800308,33329,4853294.0
2800506,2285,377492.0
2800670,4252,681088.0
2910727,9483,1617860.0
2801009,2427,352075.0
2801405,3695,558791.0
2801603,750,129583.0
2801900,771,124975.0
2802106,9429,1472155.0
2802304,2415,430578.0
2802700,1736,315529.0
2802908,10896,1569575.0
2803104,864,171366.0
2803500,15775,2502264.0
2803906,2134,296192.0
2804102,1160,155025.0
2804300,1283,250756.0
2804409,3055,524392.0
2804607,4712,783470.0
2805000,654,129355.0
2805208,1012,193377.0
2805604,5699,1305103.0
2805802,3603,591719.0
2806206,3209,487211.0
3554656,143,26775.0
2806503,710,129632.0
2806701,11915,1949999.0
2806909,567,107150.0
2807105,10057,2107727.0
2807501,2246,368079.0
2900355,3231,528320.0
2902658,2040,468608.0
2904050,2808,553060.0
2905156,2615,656320.0
2907558,1178,220805.0
2910776,867,169020.0
2914653,5233,1363715.0
2916856,2830,539855.0
2918456,1565,317484.0
2919058,1534,291959.0
2922052,2804,608218.0
2900108,1533,299639.0
2900207,3892,794549.0
2900306,2793,443787.0
2900702,20182,3558372.0
2900900,1224,252428.0
2901106,3356,509042.0
2901403,2618,657589.0
2901601,2288,361799.0
2901809,1889,449266.0
2901908,3091,637792.0
2902005,2370,469244.0
2902104,9134,1586696.0
2902302,1850,415824.0
2902500,2613,763647.0
2902708,8464,1856702.0
2902906,5703,1185752.0
2903102,956,208906.0
2903300,1321,270741.0
2903508,2565,468320.0
2903706,2798,600028.0
2904001,2186,419423.0
2904209,1881,379152.0
2904407,1382,252076.0
2904605,5705,784086.0
2904803,1014,164342.0
2905008,1803,249786.0
2905206,5738,862496.0
2905404,2515,549232.0
2905602,3408,642827.0
2905800,5168,926923.0
2906204,4638,978736.0
2906402,1519,344175.0
2906808,7079,1766036.0
2907004,1808,450629.0
2907202,12513,2441104.0
2907400,598,154667.0
2907608,2060,313611.0
2907806,5435,874490.0
2908002,3761,565921.0
2908200,3233,638850.0
2908408,10244,1594320.0
2908606,4455,937418.0
2908804,767,118390.0
2909000,1136,186345.0
2909109,2865,656123.0
2909505,845,175763.0
2909703,2101,365324.0
2909901,6290,1367017.0
2910008,2113,457311.0
2910107,1651,348381.0
2910206,696,143386.0
2910305,1123,175970.0
2910404,3480,735616.0
2910602,3909,800992.0
2910800,37042,4695020.0
2911204,4763,971012.0
2911402,2425,407174.0
2911600,2996,476354.0
2911808,3475,692773.0
2912004,1285,204814.0
2912202,2844,512054.0
2912400,3062,562217.0
2928406,5828,1455949.0
2912608,958,210815.0
2912806,1023,226952.0
2913002,2263,514349.0
2913200,3133,507841.0
2913408,2455,408103.0
2913606,19719,2889760.0
2913804,2426,585911.0
2914000,7341,1105437.0
2914208,1252,309706.0
2914406,4248,872039.0
2914604,9726,1824809.0
2915205,2618,417425.0
2915403,1257,256020.0
2915601,8523,1449310.0
2915809,3353,604303.0
2916005,2658,481907.0
2916203,1759,371309.0
2916401,6080,969567.0
2916609,1060,170407.0
2916807,2447,457433.0
2917003,6243,1279454.0
2917201,2699,412343.0
2917409,2059,345477.0
2917607,4285,546632.0
2917805,3663,872065.0
2918001,12518,2044753.0
2918209,2616,568904.0
2918308,2587,489906.0
2918407,26676,5148439.0
2918506,2464,452512.0
2918704,581,121290.0
2918902,646,94749.0
2919306,1525,295807.0
2919702,2598,555383.0
2919900,1620,430134.0
2920106,3559,734644.0
2920304,1074,150208.0
2920502,3406,536800.0
2920601,8572,1352099.0
2920809,2172,509597.0
2921005,5809,928761.0
2921203,4337,798171.0
2921401,3428,517964.0
2921609,1713,416058.0
2921807,1314,208535.0
2922003,3727,597478.0
2922201,1336,204067.0
2922409,2976,570015.0
2922607,2611,481659.0
2922805,1657,293238.0
2923001,5540,1071789.0
2923407,3433,718559.0
2923605,2942,473457.0
2923803,4741,1021454.0
2924405,6588,1922952.0
2924603,3028,537929.0
2924801,4191,1007968.0
2925006,3659,651855.0
2925204,4184,809256.0
2925402,2624,421089.0
2925600,2798,585990.0
2925808,4935,1116623.0
2926004,6871,1281401.0
2926202,4427,1223843.0
2926301,4882,695656.0
2926509,3365,702317.0
2926707,1863,292422.0
2926905,1211,180289.0
2927101,1928,492428.0
2927309,3232,586794.0
2927507,3918,945112.0
2927705,3309,582778.0
2928000,7334,1350566.0
2928109,6190,936964.0
2928307,2043,449409.0
2928703,10337,1632986.0
2928901,4620,1106686.0
2929008,1855,430213.0
2929305,3696,611291.0
2929701,2758,655897.0
2929909,6977,1306761.0
2930105,10030,1438296.0
2930501,13118,2450658.0
2930907,1668,308331.0
2931103,1512,299116.0
2931301,2727,666017.0
2931509,3177,581058.0
2931806,2789,727567.0
2932002,5049,989412.0
2932507,3810,757228.0
2933109,1366,292707.0
2933307,24587,4239132.0
2933505,4800,1320390.0
2919157,4550,660682.0
2919959,1250,296482.0
2920452,2272,643352.0
2922656,2223,557708.0
2925956,3862,888267.0
2928059,2164,467161.0
2929255,3394,565707.0
2931053,2392,452640.0
2933059,2947,614734.0
2933455,1988,331046.0
3100401,472,98807.0
3100609,2249,489136.0
3100807,239,46666.0
3101003,2167,542067.0
3101300,225,39436.0
3101508,2142,400850.0
3101706,5262,966234.0
3101904,647,87807.0
3102100,1546,266899.0
3102506,569,132308.0
3102704,1653,375885.0
3102803,1146,166334.0
3103009,767,134684.0
3103405,3337,547958.0
3103801,101,17152.0
3104007,3182,684252.0
3104205,1270,228238.0
3104403,247,44626.0
3104601,479,78254.0
3104809,457,91218.0
3105004,611,115858.0
3105202,551,84448.0
3105400,1442,224506.0
3105608,5057,809210.0
3105905,1811,358395.0
3106309,2161,392783.0
3106507,1068,207576.0
3106903,761,163671.0
3107109,1437,214831.0
3107208,527,102006.0
3107406,1671,286790.0
3107505,487,74333.0
3107604,222,44164.0
3107703,421,88434.0
3107901,878,121710.0
3108107,646,109156.0
3108305,658,117500.0
3108503,941,220582.0
3108602,3708,580441.0
3108909,439,58020.0
3109006,1171,216626.0
3109402,3598,589729.0
3109600,165,24943.0
3109808,101,20569.0
3110004,1681,231894.0
3110202,372,77506.0
3110400,121,14994.0
3110608,1012,171815.0
3110806,580,110241.0
3111002,481,71315.0
3111200,2102,304794.0
3111408,562,132240.0
3111606,1259,183877.0
3112000,660,102348.0
3112208,400,67060.0
3112406,401,65228.0
3112604,779,133281.0
3112802,156,21211.0
3113206,1478,285660.0
3113602,379,58278.0
3113800,135,22473.0
3114006,461,75290.0
3114204,380,55990.0
3114402,876,134152.0
3114501,589,78078.0
3114709,118,16440.0
3114907,104,19075.0
3115102,844,153144.0
3115201,350,48196.0
3115409,324,60306.0
3115508,1140,205502.0
3115607,92,15397.0
3115706,911,194812.0
3115904,239,39651.0
3116100,1115,219554.0
3116308,782,108521.0
3116506,1058,200181.0
3116704,576,89513.0
3116902,279,57914.0
3117108,575,82978.0
3117504,2004,398918.0
3117702,906,174913.0
3118007,1419,183800.0
3118205,315,66006.0
3118403,2108,387900.0
3118601,25249,4441482.0
3119005,318,64481.0
3119203,1016,191417.0
3119401,5501,968187.0
3119609,196,38123.0
3119807,79,15850.0
3120003,362,73911.0
3120300,1458,350290.0
3120508,466,77955.0
3120706,275,62939.0
3120904,4207,729991.0
3121100,449,76650.0
3121308,356,62684.0
3121506,275,43007.0
3121704,483,87717.0
3121902,193,33766.0
3122108,664,127173.0
3122306,3037,387348.0
3122702,284,63269.0
3122900,263,43141.0
3123106,352,70987.0
3123304,441,78358.0
3123403,105,17565.0
3123502,101,16937.0
3123601,823,142419.0
3123700,882,153107.0
3123908,705,118388.0
3124104,5535,1024192.0
3124302,4509,819509.0
3124500,485,67778.0
3124708,121,18554.0
3124906,867,148166.0
3125309,355,79711.0
3125606,1160,269865.0
3125705,929,136797.0
3125903,844,129118.0
3126109,1535,240769.0
3126307,101,15954.0
3126505,939,166709.0
3126703,2882,449272.0
3126901,1484,315927.0
3127107,1712,240210.0
3127305,693,118325.0
3127503,617,111564.0
3128105,517,80692.0
3128303,614,96370.0
3128501,323,72372.0
3128709,1460,232358.0
3129103,389,53451.0
3129301,998,135469.0
3129707,513,103600.0
3130309,437,86782.0
3130507,566,86138.0
3130705,421,77186.0
3130903,2884,448040.0
3131307,12541,2456107.0
3131406,209,41185.0
3131505,468,60049.0
3131604,473,119439.0
3131703,3920,701312.0
3132107,1999,391985.0
3132305,1883,543699.0
3132503,2752,439835.0
3132701,3081,579528.0
3132909,398,61603.0
3133204,802,115463.0
3133402,600,108057.0
3133600,516,87297.0
3133808,2317,381916.0
3134004,2213,463268.0
3134400,2060,424922.0
3134608,991,180902.0
3135001,144,25021.0
3135407,326,50152.0
3135605,1388,275379.0
3135803,2638,538037.0
3136207,2571,517237.0
3136603,459,90040.0
3136702,15102,2666657.0
3136900,264,41135.0
3137106,610,101824.0
3137304,575,98738.0
3137502,814,145813.0
3137700,2314,354416.0
3137908,259,44622.0
3138104,853,192824.0
3138302,112,19216.0
3138500,432,63268.0
3138906,1097,197124.0
3139102,188,27233.0
3139300,2380,565534.0
3139706,640,161977.0
3139805,433,80204.0
3139904,683,105795.0
3140100,724,167596.0
3140308,321,64056.0
3140506,699,133717.0
3140704,1979,330928.0
3140902,2226,423775.0
3141108,1808,342037.0
3141504,727,133078.0
3141702,456,104606.0
3141900,230,33063.0
3142106,859,127129.0
3142502,138,19240.0
3142700,1913,481401.0
3142908,2551,386042.0
3143104,1018,129371.0
3143401,512,69842.0
3143609,166,24524.0
3143807,297,44865.0
3144003,1717,268105.0
3144201,425,93268.0
3144409,222,27548.0
3144607,1041,150334.0
3144805,2126,362354.0
3145000,578,95500.0
3145208,1055,149590.0
3145406,138,27546.0
3145604,1373,245162.0
3145802,155,22048.0
3146008,306,44905.0
3146206,1231,273804.0
3146404,273,45182.0
3146602,132,17825.0
3127057,904,216363.0
3146909,857,124427.0
3147006,2888,504721.0
3147303,723,130873.0
3147808,140,22086.0
3147907,3283,543425.0
3148004,2368,355879.0
3148103,3060,438753.0
3148301,725,111680.0
3148509,1284,295666.0
3148707,3440,692887.0
3148905,163,30040.0
3149101,699,117955.0
3149408,215,32792.0
3149606,334,72648.0
3149804,544,99823.0
3150000,533,114699.0
3150208,283,55510.0
3150406,448,70431.0
3150604,166,22697.0
3150802,1456,286531.0
3151008,404,76050.0
3151206,4989,783743.0
3151602,532,91142.0
3151800,3125,512023.0
3152006,1371,194909.0
3152204,3487,480994.0
3152402,1352,227171.0
3152600,111,12726.0
3152808,620,80432.0
3153004,251,45311.0
3153202,241,49082.0
3153400,1183,227673.0
3153509,773,127148.0
3153707,185,26677.0
3153905,456,78773.0
3154101,602,78015.0
3154309,1327,200280.0
3154507,1194,199894.0
3154705,210,46453.0
3154804,355,57292.0
3155405,475,104570.0
3155603,3501,596451.0
3155801,896,148728.0
3156007,1105,179950.0
3156106,357,58644.0
3156304,255,45894.0
3156403,160,30114.0
3156601,1318,214366.0
3156809,1323,242026.0
3157005,3239,491557.0
3157203,2114,530909.0
3157401,422,79180.0
3157609,721,148092.0
3157708,379,48345.0
3157906,2049,297512.0
3158102,817,156932.0
3158300,343,72208.0
3158508,554,93019.0
3158706,248,47160.0
3158904,914,131137.0
3159100,313,62607.0
3159209,322,54191.0
3159407,267,45635.0
3159605,944,102730.0
3159803,962,142858.0
3160207,496,94504.0
3160504,173,27273.0
3160702,2401,382365.0
3160900,155,31866.0
3161304,440,80347.0
3161502,697,98519.0
3161700,528,119807.0
3162005,980,150347.0
3162401,3702,731064.0
3162609,852,142918.0
3162807,1478,294971.0
3163003,565,136516.0
3163201,249,50621.0
3163409,454,73363.0
3163508,786,141598.0
3163607,368,51826.0
3163805,897,157836.0
3164100,687,142487.0
3164209,1346,334775.0
3164605,451,85354.0
3164704,2259,421213.0
3164902,104,16346.0
3165107,323,66707.0
3165305,427,63524.0
3165701,527,68527.0
3165909,555,75588.0
3166105,314,66499.0
3166204,1260,216394.0
3166402,63,9998.0
3167004,219,44769.0
3167202,7399,1279708.0
3167608,1812,218943.0
3168002,2803,439482.0
3168200,76,15353.0
3168408,1460,258043.0
3168606,7624,1352471.0
3168804,382,63180.0
3169208,596,90389.0
3169406,2391,404972.0
3169802,208,28588.0
3170008,1620,326511.0
3170206,14424,2231837.0
3170404,3650,526749.0
3170602,123,22914.0
3170800,2324,294916.0
3171006,846,111118.0
3171105,149,29791.0
3171204,5435,1182854.0
3171303,2881,456699.0
3171501,537,123493.0
3171600,1336,204043.0
3171808,594,86183.0
3172004,1617,217511.0
4128633,795,150173.0
4111258,2245,362688.0
4119152,4118,692084.0
4127882,615,91744.0
4119657,106,20954.0
4101051,93,14565.0
4110052,85,12544.0
4106571,163,29671.0
4117057,1032,202844.0
4122156,1463,220506.0
4110656,121,18708.0
4103479,163,28642.0
4126272,278,42516.0
4115739,368,52630.0
4123857,898,122304.0
4113429,291,41080.0
4125555,52,7664.0
4128625,222,38015.0
4121257,201,31766.0
4107538,64,11281.0
4115853,94,12558.0
4202453,373,90274.0
4212254,416,83367.0
4216354,66,14200.0
4203154,235,42286.0
4215679,125,17036.0
4219176,159,22761.0
4210050,18,3471.0
4200556,41,7342.0
4204350,63,12144.0
4208955,44,6825.0
4211454,149,21488.0
4217758,57,9770.0
4201273,27,4851.0
3200102,2510,384141.0
3200201,1385,215152.0
3200508,927,133162.0
3200706,482,84553.0
3200904,2837,427567.0
3201100,659,95956.0
3201308,22485,4496669.0
3201407,1176,183488.0
3201605,2306,405614.0
3201803,346,44569.0
3202009,461,72903.0
3202405,5434,804123.0
3202504,590,81759.0
3202702,1013,155411.0
3202900,426,57158.0
3203205,7623,1153725.0
3203502,1796,343724.0
3203700,1099,161941.0
3203908,2785,450671.0
3204500,751,128080.0
3204609,633,99212.0
3204708,1168,164672.0
3204906,7574,1305042.0
3205101,5010,983310.0
3205309,13359,2868891.0
3203353,416,60169.0
3204351,1025,143817.0
3203056,2528,441765.0
3204054,1927,329117.0
3200169,1658,261840.0
3200359,876,129816.0
3205036,811,121017.0
3200136,655,101484.0
4204459,83,11408.0
4207684,822,153364.0
4212239,102,17548.0
4216255,26,3679.0
4313375,1031,187857.0
4320677,444,85844.0
4312252,686,130878.0
4300851,255,36484.0
4320354,336,51114.0
4311775,353,67919.0
4323804,428,91346.0
4308854,43,11797.0
3300209,10725,2062155.0
3300308,4859,1025548.0
3300407,7330,1509348.0
3300506,1093,192832.0
3300704,11199,2077910.0
3300902,1474,269153.0
3301108,1084,205181.0
3301306,2220,428122.0
3301504,959,170762.0
3301702,56995,9360427.0
3301900,18818,3923038.0
3302502,19903,3715471.0
3302700,7531,1249728.0
3302908,1699,350729.0
3303302,18886,3522445.0
3303500,76890,15687936.0
3303708,2074,327268.0
3303906,12165,2401571.0
3304102,1300,223225.0
3304300,5023,1061781.0
3304508,589,122977.0
3304706,1801,246936.0
3305109,19180,3434621.0
3305307,708,113082.0
3305505,3899,595377.0
3305703,1601,248137.0
3305901,839,143574.0
3306107,5229,1052700.0
3306305,11704,2612278.0
3300258,1523,212498.0
3302056,1027,192108.0
4312138,94,21083.0
4312674,86,19811.0
4317558,15,2405.0
4301958,9,1708.0
4305850,57,8824.0
4309126,210,48273.0
4315552,253,40786.0
4304853,24,2865.0
4314787,16,1279.0
4300646,424,57833.0
4306429,161,27653.0
4317954,43,5550.0
4322186,55,9304.0
4313086,15,1828.0
4312385,8,923.0
3304557,273965,46971744.0
3302254,1785,420775.0
3304151,1785,370920.0
3202553,1031,162798.0
4303673,70,12199.0
4310579,50,6850.0
4320453,55,8458.0
4314035,75,12679.0
4319356,20,2819.0
4311643,10,1207.0
4322541,29,5105.0
4313425,245,33951.0
4318499,13,1879.0
4316477,27,4752.0
4319372,47,6536.0
4315057,117,25032.0
4301859,107,14562.0
4302378,220,45431.0
4321477,138,16929.0
4304358,643,110577.0
4309654,807,177623.0
5107297,83,12535.0
3500204,160,30714.0
3500402,157,27915.0
3500600,48,8032.0
3500808,187,31350.0
3501004,714,172625.0
3501400,230,57055.0
3501608,4306,829267.0
3501806,183,24652.0
3502002,194,47036.0
3502200,890,124656.0
3502408,145,22688.0
3502606,306,61465.0
3502804,4770,795048.0
3503000,194,38288.0
3503406,318,54916.0
3503604,399,62170.0
3503802,1163,167107.0
3504008,2428,359001.0
3504206,151,20952.0
3504404,841,151341.0
3504602,276,44060.0
3504800,202,27240.0
3505005,256,44910.0
3505203,851,175100.0
3505401,809,128940.0
3505609,1649,372235.0
3505807,404,49160.0
3506003,11256,1913689.0
3506201,117,25111.0
3506607,2065,349663.0
3506805,297,56932.0
3507001,1780,264475.0
3507100,1392,250954.0
3507308,255,61610.0
3507407,454,78076.0
3507506,3851,633359.0
3507902,417,59548.0
3508108,1006,188703.0
3508306,204,37179.0
3508702,1181,249839.0
3508900,141,23073.0
3509106,471,80020.0
3509304,486,101080.0
3509502,40110,7129102.0
3509700,991,128965.0
3509908,637,93688.0
3510104,90,18968.0
3510302,1119,243728.0
3510500,6036,941672.0
3510708,285,37212.0
3510906,94,15227.0
3511102,1921,317417.0
3511300,144,26128.0
3511508,676,125249.0
3511706,654,144701.0
3511904,283,49266.0
3512308,677,124064.0
3512902,384,73374.0
3513108,1354,294264.0
3513306,76,12561.0
3513504,6637,1123302.0
3513702,649,97063.0
3513900,475,96345.0
3514106,984,181337.0
3514304,415,85687.0
3514502,379,48934.0
3514700,447,96925.0
3514908,962,247905.0
3515103,4586,913754.0
3515202,219,40681.0
3515509,2047,419734.0
3515608,134,21248.0
3515707,9299,1920598.0
3515806,68,11315.0
3515905,104,20673.0
3516101,241,45786.0
3516309,13041,2340425.0
3516507,58,11209.0
3516705,2062,329807.0
3516903,298,49606.0
3517109,197,41900.0
3517307,426,70625.0
3517901,559,99814.0
3518305,1744,365717.0
3518503,475,74884.0
3518701,9717,1465455.0
3518909,182,23539.0
3519105,441,91456.0
3519501,640,143705.0
3519709,3449,724531.0
3519907,462,91007.0
3520103,696,95697.0
3520301,2631,456742.0
3520707,220,33854.0
3520905,590,120582.0
3521101,213,37295.0
3521309,655,116579.0
3521507,333,69388.0
3522000,102,19763.0
3522208,5917,861155.0
3522604,1889,314926.0
3523008,320,63674.0
3523206,3014,514452.0
3523404,2179,357922.0
3523602,631,143495.0
3524105,1372,269762.0
3524204,227,37103.0
3524303,2767,433625.0
3524501,144,25160.0
3524709,1261,255772.0
3525102,1486,239363.0
3525300,2480,342693.0
3525508,348,56624.0
3526100,1175,203567.0
3526308,336,56841.0
3526506,162,30532.0
3526902,10713,2400947.0
3527009,190,26455.0
3527207,3047,379122.0
3527603,532,99717.0
3527900,130,20811.0
3528106,359,59679.0
3528304,77,12037.0
3528502,3348,460076.0
3528908,220,39408.0
3529104,75,13335.0
3529302,2182,397080.0
3529500,96,13151.0
3529708,1294,245903.0
3530102,829,127367.0
3530300,1239,180588.0
3530409,200,34185.0
3530706,3182,533717.0
3530805,1418,238345.0
3531308,679,94088.0
3531407,1049,236014.0
3531605,196,31704.0
3531704,201,38591.0
3532207,123,15796.0
3532405,1095,206760.0
3532504,349,60005.0
3532603,309,58186.0
3532702,289,53902.0
3532900,374,65773.0
3533106,152,29296.0
3533700,236,53778.0
3533908,1753,355811.0
3534104,236,35100.0
3534302,885,145144.0
3534500,111,19525.0
3534708,2887,483220.0
3534906,383,72077.0
3535101,235,35112.0
3535309,1098,205214.0
3535507,2479,444545.0
3535705,182,36649.0
3535903,176,30718.0
3536109,152,23542.0
3536307,520,85457.0
3536505,2690,557992.0
3536901,42,6503.0
3537107,1070,158702.0
3537305,1898,353544.0
3537503,198,30262.0
3537701,115,14607.0
3538105,356,68594.0
3538303,219,38892.0
3538600,1164,187311.0
3538808,1154,280626.0
3539004,246,44884.0
3539301,1452,244408.0
3539509,1618,227516.0
3539806,6103,1306318.0
3540002,444,59469.0
3540200,1536,231408.0
3540606,1091,179772.0
3540705,1193,196135.0
3540903,851,194003.0
3541109,143,25570.0
3541505,1187,173552.0
3541703,669,134228.0
3541901,437,82941.0
3542107,315,74926.0
3542305,392,84726.0
3542701,402,75057.0
3542909,410,99221.0
3543105,260,48547.0
3543501,615,108525.0
3543709,516,108260.0
3544004,555,120714.0
3544202,562,114722.0
3544608,280,49608.0
3544806,391,68398.0
3545001,798,104764.0
3545209,2482,491347.0
3545803,3114,593302.0
3500550,352,65826.0
3546108,93,19010.0
3546306,653,79642.0
3546504,378,79077.0
3546702,381,65503.0
3547106,175,32132.0
3547304,4155,807834.0
3547502,790,138566.0
3547601,648,96446.0
3548005,1076,166287.0
3548203,264,41622.0
3548401,226,45591.0
3548609,460,75956.0
3548708,26519,4905359.0
3548906,6581,1248739.0
3549201,68,12623.0
3549300,95,17423.0
3549508,652,158101.0
3549904,24235,5049330.0
3550100,826,95137.0
3550506,388,57286.0
3550704,3208,639133.0
3550902,368,62676.0
3551306,156,32387.0
3551603,544,77279.0
3551702,3751,650349.0
3551900,727,111352.0
3552502,13718,1920934.0
3552700,449,73378.0
3552908,305,47305.0
3553104,363,77663.0
3553500,458,77717.0
3553708,2282,374788.0
3553906,296,43604.0
3554102,5367,842757.0
3554300,1465,230624.0
3554706,296,45600.0
3554904,233,53576.0
3555109,387,63815.0
3555307,58,11650.0
3555703,43,7553.0
3555901,87,15291.0
3556305,925,186751.0
3556701,1137,201509.0
3557006,3414,634237.0
3507456,123,20138.0
3514957,61,10696.0
