municipio_siafi,contagem,soma
1,60.0,9200.0
2,15.0,2611.0
3,1014.0,148783.0
4,53.0,7718.0
5,98.0,12231.0
6,20.0,3758.0
7,220.0,30387.0
8,29.0,3789.0
9,188.0,27739.0
10,1.0,89.0
11,55.0,8842.0
12,5.0,739.0
13,232.0,36899.0
14,11.0,1815.0
15,98.0,11670.0
16,4.0,595.0
17,48.0,5470.0
19,75.0,10415.0
20,28.0,4083.0
21,56.0,8178.0
22,9.0,1420.0
23,12.0,1487.0
24,16.0,2093.0
25,44.0,6822.0
26,70.0,15325.0
27,23.0,2743.0
28,88.0,22067.0
29,98.0,11909.0
30,24.0,4295.0
31,7.0,1012.0
32,42.0,7404.0
33,44.0,6192.0
34,47.0,9524.0
35,41.0,5028.0
36,120.0,23069.0
37,5.0,677.0
38,31.0,13565.0
39,39.0,4607.0
40,123.0,26346.0
41,35.0,4574.0
42,5.0,1101.0
43,13.0,2066.0
44,30.0,4659.0
45,24.0,2984.0
46,56.0,11914.0
47,16.0,1673.0
48,138.0,26332.0
49,3.0,440.0
50,19.0,3935.0
51,10.0,1541.0
52,25.0,3992.0
53,29.0,5422.0
54,544.0,83515.0
55,96.0,15681.0
56,21.0,3685.0
57,41.0,5996.0
58,19.0,2885.0
59,10.0,1979.0
60,46.0,10360.0
61,21.0,3435.0
62,37.0,6102.0
63,8.0,1270.0
64,12.0,2133.0
65,13.0,1950.0
66,12.0,1798.0
67,19.0,3107.0
68,119.0,22862.0
69,28.0,4248.0
70,29.0,8439.0
71,15.0,2753.0
73,22.0,4036.0
75,9.0,1286.0
77,531.0,96223.0
79,26.0,4067.0
81,15.0,2509.0
83,18.0,2176.0
85,37.0,7065.0
87,4.0,698.0
89,2.0,260.0
91,16.0,2519.0
93,10.0,1525.0
95,32.0,5549.0
97,46.0,8229.0
99,3.0,383.0
101,5.0,682.0
103,22.0,3146.0
104,32.0,5098.0
105,79.0,12658.0
106,161.0,31375.0
107,178.0,47843.0
108,184.0,45880.0
109,38.0,10564.0
110,52.0,11090.0
111,9.0,1437.0
112,54.0,9845.0
113,77.0,17487.0
114,281.0,51758.0
115,13.0,1853.0
116,502.0,84518.0
117,59.0,9167.0
118,54.0,8346.0
119,16.0,3233.0
120,146.0,42725.0
121,3.0,584.0
122,367.0,75612.0
123,17.0,3967.0
124,10.0,1439.0
125,12.0,1751.0
126,53.0,11693.0
127,11.0,2416.0
128,177.0,31124.0
129,2.0,383.0
130,80.0,16504.0
131,92.0,17255.0
132,22.0,5266.0
133,14.0,2199.0
134,190.0,31919.0
135,8.0,1384.0
136,44.0,8670.0
137,27.0,4689.0
138,28.0,6628.0
139,886.0,172350.0
140,43.0,8781.0
141,13.0,2169.0
142,74.0,14565.0
143,62.0,10139.0
144,51.0,8379.0
145,107.0,24079.0
146,155.0,32762.0
147,139.0,45467.0
148,84.0,16606.0
149,37.0,5277.0
150,71.0,14605.0
151,29.0,4313.0
152,210.0,63467.0
153,148.0,31803.0
154,59.0,8913.0
155,21.0,5601.0
156,16.0,2558.0
157,33.0,9181.0
158,11.0,1826.0
159,2.0,303.0
160,38.0,6769.0
161,40.0,6609.0
162,106.0,16635.0
163,17.0,3433.0
164,13.0,2484.0
166,81.0,15999.0
168,209.0,44761.0
170,156.0,40149.0
172,50.0,9822.0
174,143.0,24947.0
176,41.0,8107.0
178,26.0,3803.0
180,20.0,6147.0
182,38.0,7282.0
184,36.0,6072.0
186,61.0,12185.0
188,35.0,6092.0
190,107.0,20901.0
192,7.0,878.0
194,103.0,23834.0
196,89.0,15989.0
198,23.0,4884.0
200,6.0,1159.0
201,63.0,11901.0
202,358.0,69854.0
203,50.0,10601.0
204,245.0,45139.0
205,52.0,16443.0
206,35.0,7129.0
207,70.0,14518.0
208,239.0,46316.0
209,37.0,6906.0
210,139.0,26646.0
211,72.0,16809.0
212,13.0,2297.0
213,81.0,20874.0
214,43.0,9512.0
215,86.0,22210.0
216,189.0,45556.0
217,80.0,20246.0
218,109.0,20772.0
219,22.0,3924.0
220,22.0,3642.0
221,75.0,16314.0
222,20.0,3813.0
223,88.0,12604.0
224,16.0,2788.0
225,166.0,31978.0
226,33.0,5425.0
227,29.0,5175.0
228,26.0,5082.0
229,59.0,16575.0
230,34.0,5172.0
231,37.0,9099.0
232,93.0,21263.0
233,77.0,16101.0
234,10.0,1478.0
235,168.0,34758.0
236,49.0,10128.0
237,28.0,6836.0
238,62.0,12198.0
239,54.0,14497.0
240,19.0,3174.0
241,208.0,41543.0
242,2.0,493.0
243,41.0,7716.0
244,25.0,5388.0
245,17.0,3651.0
246,20.0,4346.0
247,9.0,2432.0
248,63.0,9862.0
249,41.0,11012.0
250,37.0,7239.0
251,142.0,30992.0
252,49.0,9290.0
253,367.0,68492.0
254,100.0,19424.0
255,4573.0,690209.0
256,25.0,4352.0
257,44.0,7376.0
258,106.0,15572.0
259,44.0,13600.0
260,56.0,14736.0
261,145.0,33478.0
262,583.0,118151.0
263,35.0,6257.0
264,17.0,3866.0
265,148.0,31475.0
266,20.0,3114.0
267,75.0,14793.0
268,14.0,2722.0
269,266.0,46242.0
270,15.0,2139.0
271,35.0,9721.0
272,20.0,3371.0
273,45.0,11032.0
274,7.0,1108.0
275,55.0,15883.0
276,8.0,1281.0
277,43.0,8920.0
278,14.0,1892.0
279,30.0,4248.0
280,52.0,8592.0
281,152.0,38226.0
282,28.0,5286.0
283,103.0,29083.0
284,16.0,2816.0
285,67.0,13335.0
286,7.0,937.0
287,70.0,18222.0
288,17.0,2183.0
289,21.0,4583.0
290,31.0,5114.0
291,17.0,2744.0
292,16.0,2811.0
293,23.0,6230.0
294,33.0,4955.0
295,113.0,27278.0
296,31.0,4556.0
297,33.0,7527.0
298,16.0,2315.0
299,34.0,5418.0
300,22.0,3295.0
301,867.0,132526.0
302,6.0,1104.0
303,95.0,20447.0
304,21.0,4096.0
305,58.0,9470.0
306,11.0,1410.0
307,69.0,18577.0
308,19.0,3419.0
309,175.0,31879.0
310,7.0,761.0
311,72.0,24895.0
312,13.0,2478.0
313,28.0,4426.0
314,12.0,2562.0
315,44.0,8244.0
316,4.0,1011.0
318,21.0,2693.0
320,42.0,8799.0
322,27.0,4203.0
324,6.0,954.0
326,4.0,602.0
328,21.0,3193.0
330,8.0,1188.0
332,22.0,4241.0
334,18.0,2556.0
336,9.0,1341.0
338,12.0,1654.0
340,11.0,1892.0
342,19.0,3550.0
344,38.0,8510.0
346,10.0,2279.0
348,13.0,2259.0
350,17.0,3060.0
352,16.0,2757.0
354,16.0,2530.0
356,15.0,2567.0
358,9.0,1683.0
360,4.0,515.0
362,20.0,2318.0
364,28.0,4758.0
366,33.0,4797.0
368,12.0,2038.0
369,46.0,7127.0
370,11.0,1971.0
371,68.0,11824.0
372,5.0,879.0
373,61.0,8978.0
374,12.0,1885.0
375,19.0,3288.0
376,39.0,5397.0
377,52.0,8691.0
378,3.0,430.0
379,31.0,6192.0
380,24.0,4932.0
381,39.0,7086.0
382,18.0,3150.0
383,144.0,26013.0
384,7.0,1536.0
385,23.0,4523.0
386,6.0,926.0
387,14.0,2810.0
388,28.0,6808.0
389,80.0,14936.0
390,3.0,353.0
391,46.0,12167.0
392,4.0,522.0
393,48.0,8099.0
394,10.0,1689.0
395,211.0,34108.0
396,10.0,1587.0
397,48.0,6331.0
398,16.0,2117.0
399,116.0,19998.0
400,14.0,2213.0
401,733.0,109732.0
402,11.0,1773.0
403,117.0,17530.0
404,6.0,1179.0
405,114.0,21557.0
406,21.0,3516.0
407,177.0,29206.0
408,8.0,1166.0
409,46.0,12347.0
410,8.0,983.0
411,494.0,83792.0
412,13.0,1839.0
413,190.0,54771.0
414,19.0,2726.0
415,1247.0,167959.0
416,11.0,1789.0
417,36.0,6735.0
418,24.0,4138.0
419,18.0,3203.0
420,7.0,1402.0
421,73.0,15179.0
422,32.0,5509.0
423,92.0,14802.0
424,36.0,5619.0
425,318.0,49706.0
426,20.0,3171.0
427,4516.0,659868.0
428,5.0,472.0
429,314.0,58265.0
430,14.0,2389.0
431,44.0,5923.0
432,9.0,1546.0
433,153.0,23505.0
434,17.0,2880.0
435,534.0,115590.0
436,8.0,1297.0
437,59.0,13847.0
438,8.0,1355.0
439,1057.0,251770.0
440,5.0,862.0
441,140.0,24671.0
442,2.0,625.0
443,121.0,17460.0
444,2.0,178.0
445,103.0,15620.0
446,23.0,4944.0
447,418.0,54893.0
448,3.0,929.0
449,232.0,48000.0
450,11.0,1337.0
451,25.0,4647.0
452,10.0,1222.0
453,41.0,6245.0
454,12.0,1930.0
455,795.0,211615.0
456,6.0,989.0
457,139.0,23464.0
458,13.0,1887.0
459,29.0,5551.0
460,43.0,10345.0
461,51.0,21206.0
462,15.0,3027.0
463,97.0,13974.0
464,27.0,4252.0
465,75.0,11957.0
466,8.0,917.0
467,28.0,4626.0
468,13.0,2098.0
469,88.0,11974.0
470,14.0,2418.0
471,300.0,54886.0
472,9.0,1750.0
473,80.0,12871.0
474,36.0,4397.0
475,298.0,57784.0
476,8.0,1354.0
477,42.0,7008.0
478,11.0,2688.0
479,35.0,6793.0
480,19.0,3423.0
481,18.0,2634.0
482,5.0,669.0
483,487.0,73396.0
484,46.0,7707.0
485,82.0,11872.0
486,27.0,5947.0
487,29.0,4535.0
488,17.0,3203.0
489,167.0,42204.0
490,11.0,1898.0
491,105.0,23363.0
492,13.0,1754.0
493,555.0,88017.0
494,4.0,630.0
495,72.0,10837.0
496,11.0,2072.0
497,1173.0,252335.0
498,8.0,1245.0
499,32.0,4393.0
500,18.0,2453.0
501,37.0,7185.0
502,8.0,1047.0
503,199.0,45747.0
504,19.0,3839.0
505,65.0,9292.0
506,19.0,3473.0
507,52.0,9103.0
508,6.0,1175.0
509,284.0,43091.0
510,12.0,1836.0
511,14.0,2385.0
512,14.0,2143.0
513,961.0,159927.0
514,8.0,1787.0
515,183.0,34519.0
516,2.0,247.0
517,167.0,43360.0
518,8.0,1235.0
519,94.0,19882.0
520,5.0,609.0
521,37.0,7896.0
522,5.0,639.0
523,46.0,8017.0
524,8.0,1360.0
525,645.0,111121.0
526,29.0,5030.0
527,269.0,57051.0
528,4.0,704.0
529,168.0,25074.0
530,5.0,1256.0
531,42.0,6296.0
532,5.0,576.0
533,253.0,40385.0
534,36.0,5692.0
535,737.0,112660.0
536,9.0,1186.0
537,32.0,5436.0
538,8.0,1480.0
539,80.0,12606.0
540,5.0,878.0
541,21.0,2787.0
542,4.0,812.0
543,63.0,12493.0
544,123.0,22577.0
545,154.0,29945.0
546,68.0,12703.0
547,53.0,7935.0
548,68.0,10853.0
549,35.0,8317.0
550,48.0,9010.0
551,117.0,19019.0
552,253.0,44778.0
553,1050.0,303419.0
554,99.0,20851.0
555,52.0,12116.0
556,53.0,8943.0
557,481.0,102514.0
558,74.0,14273.0
559,109.0,18542.0
560,55.0,8806.0
561,217.0,34673.0
562,73.0,11748.0
563,96.0,14821.0
564,6.0,1046.0
565,60.0,13138.0
566,22.0,3751.0
567,223.0,38824.0
568,17.0,2639.0
569,36.0,4948.0
570,47.0,8826.0
571,183.0,32819.0
572,40.0,9155.0
573,56.0,10027.0
574,100.0,18100.0
575,62.0,11277.0
576,11.0,1741.0
577,13.0,2748.0
578,15.0,1939.0
579,70.0,12790.0
580,25.0,5236.0
581,88.0,14327.0
582,9.0,2107.0
583,130.0,20302.0
584,10.0,1673.0
585,58.0,8502.0
586,18.0,2626.0
587,113.0,18226.0
588,51.0,10609.0
589,70.0,11550.0
590,44.0,8590.0
591,198.0,34840.0
592,18.0,2769.0
593,146.0,28161.0
594,5.0,919.0
595,467.0,66074.0
596,22.0,4900.0
597,129.0,20614.0
598,8.0,1653.0
599,25.0,3662.0
600,46.0,8923.0
601,98.0,18326.0
602,95.0,19869.0
603,18.0,3074.0
604,19.0,3005.0
605,877.0,143457.0
606,10.0,1165.0
607,74.0,18957.0
608,23.0,3802.0
609,31.0,4576.0
610,10.0,1416.0
611,12.0,1813.0
612,26.0,5581.0
613,169.0,30327.0
614,11.0,2100.0
615,359.0,63113.0
616,3.0,397.0
617,50.0,13791.0
618,5.0,995.0
619,61.0,10236.0
620,11.0,1435.0
621,109.0,18170.0
622,32.0,5566.0
623,72.0,14329.0
624,19.0,2546.0
625,204.0,36825.0
626,28.0,4255.0
627,40.0,6406.0
628,18.0,3441.0
629,92.0,15835.0
630,19.0,2422.0
631,78.0,18375.0
632,7.0,875.0
633,72.0,12635.0
634,5.0,693.0
635,60.0,9873.0
636,22.0,3169.0
637,36.0,5829.0
638,20.0,4305.0
639,46.0,8017.0
640,15.0,2635.0
641,55.0,10822.0
642,16.0,2723.0
643,61.0,9116.0
644,4.0,807.0
645,40.0,14438.0
646,10.0,1526.0
647,21.0,4251.0
648,41.0,6946.0
649,51.0,9397.0
650,17.0,2401.0
651,33.0,5099.0
652,23.0,3895.0
653,10.0,2652.0
654,4.0,565.0
655,30.0,5406.0
656,40.0,7797.0
657,19.0,5952.0
658,7.0,1372.0
659,36.0,9017.0
660,10.0,1377.0
661,25.0,9349.0
662,8.0,1350.0
663,54.0,13210.0
664,51.0,9287.0
665,22.0,4309.0
666,22.0,5651.0
667,7.0,1882.0
668,10.0,2885.0
669,32.0,7630.0
670,110.0,20286.0
671,50.0,12197.0
672,13.0,2201.0
673,17.0,2957.0
674,8.0,958.0
675,23.0,3166.0
676,83.0,21066.0
677,5.0,643.0
678,10.0,1025.0
679,10.0,1261.0
680,28.0,4836.0
681,107.0,16471.0
682,6.0,989.0
683,21.0,3039.0
684,58.0,13589.0
685,6.0,738.0
686,24.0,4567.0
687,3.0,562.0
688,20.0,3012.0
689,13.0,1525.0
690,18.0,2779.0
691,9.0,1322.0
692,18.0,3231.0
693,27.0,3863.0
694,16.0,3207.0
695,17.0,2025.0
696,15.0,1930.0
697,22.0,2926.0
698,5.0,433.0
699,32.0,4344.0
700,1.0,446.0
701,19.0,3209.0
702,34.0,4469.0
703,130.0,19831.0
704,18.0,2427.0
705,52.0,8537.0
706,34.0,6447.0
707,58.0,9421.0
708,86.0,13751.0
709,11.0,2177.0
710,4.0,834.0
711,54.0,10216.0
712,8.0,1151.0
713,516.0,114958.0
714,7.0,972.0
715,77.0,18811.0
716,26.0,4839.0
717,40.0,7112.0
718,90.0,21333.0
719,397.0,71860.0
720,7.0,981.0
721,189.0,46239.0
722,128.0,23145.0
723,511.0,84869.0
724,9.0,1206.0
725,50.0,8012.0
726,4.0,602.0
727,413.0,70365.0
728,22.0,5100.0
729,68.0,10247.0
730,67.0,10964.0
731,174.0,29011.0
732,75.0,15714.0
733,325.0,55528.0
734,4.0,611.0
735,30.0,5737.0
736,8.0,1428.0
737,195.0,32154.0
738,16.0,2873.0
739,70.0,18352.0
740,2.0,301.0
741,45.0,8320.0
742,37.0,6664.0
743,67.0,11040.0
744,15.0,2196.0
745,80.0,15694.0
746,25.0,3791.0
747,395.0,91539.0
748,10.0,1579.0
749,55.0,9438.0
750,34.0,5562.0
751,125.0,25325.0
752,78.0,15407.0
753,103.0,20725.0
754,20.0,3624.0
755,108.0,20967.0
756,8.0,1147.0
757,344.0,53702.0
758,11.0,1580.0
759,88.0,14325.0
760,88.0,13485.0
761,274.0,51839.0
762,20.0,2862.0
763,329.0,52734.0
764,14.0,3217.0
765,196.0,32525.0
766,80.0,12899.0
767,136.0,26204.0
768,17.0,2143.0
769,145.0,24474.0
770,100.0,17369.0
771,104.0,16877.0
772,35.0,6189.0
773,83.0,12574.0
774,118.0,17674.0
775,26.0,5083.0
776,15.0,2118.0
777,114.0,22793.0
778,99.0,17848.0
779,36.0,6020.0
780,90.0,19417.0
781,40.0,9197.0
782,92.0,12770.0
783,47.0,7149.0
784,19.0,2985.0
785,73.0,11911.0
786,292.0,48865.0
787,16.0,2609.0
788,99.0,16459.0
789,52.0,11837.0
790,7.0,944.0
791,15.0,2228.0
792,8.0,1301.0
793,247.0,42016.0
794,16.0,3414.0
795,42.0,5974.0
797,58.0,9940.0
799,92.0,18299.0
801,25.0,3369.0
803,642.0,103229.0
805,67.0,10834.0
807,221.0,36700.0
809,66.0,15607.0
811,141.0,24846.0
813,240.0,41785.0
815,79.0,12261.0
817,114.0,27777.0
819,32.0,5355.0
821,42.0,8942.0
823,26.0,4947.0
825,19.0,3883.0
827,55.0,12317.0
829,618.0,131143.0
830,7.0,969.0
831,73.0,12043.0
832,2.0,171.0
833,59.0,11369.0
834,7.0,1103.0
835,75.0,12636.0
836,26.0,3867.0
837,422.0,85871.0
838,7.0,554.0
839,24.0,3941.0
840,7.0,978.0
841,97.0,19122.0
842,53.0,9209.0
843,73.0,16576.0
844,80.0,12204.0
845,13.0,1934.0
846,30.0,3942.0
847,190.0,34715.0
848,2.0,219.0
849,498.0,76673.0
850,4.0,595.0
851,215.0,36409.0
852,24.0,5115.0
853,103.0,20878.0
854,28.0,4546.0
855,85.0,17307.0
856,14.0,2249.0
857,33.0,6692.0
858,16.0,2865.0
859,54.0,10545.0
860,8.0,1341.0
861,92.0,15218.0
862,41.0,6347.0
863,198.0,38066.0
864,4.0,454.0
865,109.0,14929.0
866,15.0,2715.0
867,247.0,69728.0
868,11.0,1321.0
869,697.0,112520.0
870,47.0,6139.0
871,586.0,113697.0
872,9.0,1329.0
873,70.0,11326.0
874,18.0,3617.0
875,44.0,7022.0
876,13.0,2148.0
877,17.0,2161.0
878,16.0,2599.0
879,89.0,14029.0
880,14.0,2244.0
881,45.0,9445.0
882,9.0,1279.0
883,24.0,4566.0
884,20.0,3351.0
885,36.0,5758.0
886,1.0,89.0
887,32.0,4529.0
888,22.0,2537.0
889,704.0,112319.0
890,40.0,7387.0
891,534.0,88679.0
892,8.0,2086.0
893,14.0,2628.0
894,2.0,182.0
895,714.0,108379.0
896,14.0,1900.0
897,245.0,41908.0
898,10.0,1961.0
899,54.0,15745.0
900,14.0,2823.0
901,354.0,62260.0
902,3.0,688.0
903,70.0,11144.0
904,15.0,1868.0
905,168.0,47044.0
906,3.0,312.0
907,299.0,53894.0
909,66.0,11973.0
910,1.0,178.0
911,71.0,11862.0
912,64.0,11518.0
913,8.0,1088.0
914,9.0,1898.0
915,49.0,8773.0
916,2.0,171.0
917,812.0,147767.0
918,6.0,1152.0
919,72.0,11049.0
920,5.0,976.0
921,3151.0,473127.0
922,2.0,503.0
923,333.0,60495.0
924,15.0,2683.0
925,40.0,6075.0
926,2.0,260.0
927,180.0,27235.0
928,5.0,893.0
929,33.0,4839.0
930,6.0,2088.0
931,21.0,4572.0
932,3.0,301.0
933,20.0,2526.0
935,86.0,16850.0
936,9.0,1489.0
937,703.0,114091.0
938,10.0,1612.0
939,86.0,13207.0
940,9.0,2041.0
941,140.0,30652.0
942,6.0,1009.0
943,181.0,35486.0
944,5.0,712.0
945,403.0,84951.0
946,2.0,308.0
947,148.0,33860.0
948,3.0,445.0
949,756.0,119466.0
950,1.0,714.0
951,347.0,67247.0
952,24.0,6229.0
953,165.0,33874.0
954,103.0,24370.0
955,387.0,79355.0
956,27.0,5400.0
957,343.0,60480.0
958,34.0,7497.0
959,113.0,17268.0
960,1.0,91.0
961,250.0,39124.0
962,16.0,3277.0
963,109.0,16651.0
964,26.0,4055.0
965,54.0,11717.0
966,13.0,1896.0
967,46.0,16990.0
968,19.0,3860.0
969,29.0,5344.0
970,6.0,1074.0
971,108.0,19100.0
972,16.0,2502.0
973,38.0,6634.0
974,13.0,2106.0
975,10.0,1792.0
976,5.0,702.0
977,14.0,2503.0
978,4.0,1284.0
979,14.0,2032.0
980,8.0,1225.0
981,4.0,684.0
982,4.0,486.0
983,43.0,7832.0
984,11.0,2339.0
985,36.0,5501.0
986,4.0,1026.0
987,43.0,6747.0
988,3.0,399.0
989,28.0,3958.0
990,17.0,3145.0
991,79.0,10134.0
992,4.0,606.0
993,37.0,6208.0
994,16.0,2414.0
995,15.0,2065.0
996,7.0,1163.0
997,21.0,4564.0
999,19.0,3041.0
1000,12.0,2057.0
1001,12.0,1677.0
1002,6.0,1577.0
1003,41.0,7655.0
1005,51.0,6555.0
1007,73.0,10130.0
1008,5.0,650.0
1009,89.0,18417.0
1010,1.0,130.0
1011,50.0,7168.0
1012,6.0,891.0
1013,28.0,3784.0
1014,5.0,748.0
1015,11.0,1827.0
1016,10.0,2706.0
1017,24.0,4975.0
1018,4.0,625.0
1019,14.0,2037.0
1020,6.0,1369.0
1021,63.0,11036.0
1022,3.0,568.0
1023,145.0,27868.0
1024,7.0,1209.0
1025,13.0,2040.0
1026,13.0,2205.0
1027,55.0,7267.0
1029,66.0,10424.0
1030,1.0,178.0
1031,24.0,4044.0
1032,46.0,9472.0
1033,26.0,4874.0
1034,19.0,3011.0
1035,12.0,1790.0
1036,33.0,7131.0
1037,162.0,27965.0
1038,16.0,3682.0
1039,49.0,10852.0
1040,18.0,3035.0
1041,35.0,6015.0
1042,10.0,1892.0
1043,87.0,12778.0
1044,11.0,1694.0
1045,142.0,20910.0
1046,61.0,8164.0
1047,23.0,3514.0
1048,27.0,5456.0
1049,38.0,7923.0
1050,72.0,12197.0
1051,43.0,6961.0
1052,1124.0,212589.0
1053,39.0,6674.0
1054,13.0,1909.0
1055,19.0,2698.0
1056,13.0,2505.0
1057,125.0,19686.0
1058,225.0,35926.0
1059,30.0,5739.0
1060,12.0,1813.0
1061,33.0,7146.0
1062,13.0,1902.0
1063,39.0,7143.0
1064,22.0,3446.0
1065,80.0,12716.0
1066,484.0,65638.0
1067,9.0,1298.0
1068,34.0,4649.0
1069,26.0,3689.0
1070,51.0,9308.0
1071,18.0,2938.0
1072,3.0,472.0
1073,95.0,15571.0
1074,11.0,1471.0
1075,36.0,5845.0
1076,8.0,1188.0
1077,133.0,17342.0
1078,7.0,1311.0
1079,14.0,2011.0
1080,21.0,3144.0
1081,23.0,3062.0
1082,14.0,2847.0
1083,12.0,1528.0
1084,12.0,1853.0
1085,23.0,3586.0
1086,14.0,3034.0
1087,51.0,9977.0
1088,11.0,1666.0
1089,34.0,7347.0
1090,8.0,1167.0
1091,17.0,2457.0
1092,10.0,1591.0
1093,38.0,5299.0
1094,3.0,349.0
1095,23.0,3553.0
1096,8.0,1240.0
1097,40.0,8793.0
1098,5.0,928.0
1099,36.0,4840.0
1100,2.0,342.0
1101,18.0,2638.0
1102,4.0,788.0
1103,120.0,21006.0
1104,11.0,2250.0
1105,17.0,2519.0
1107,22.0,4468.0
1108,6.0,840.0
1109,78.0,12817.0
1110,33.0,5370.0
1111,24.0,4991.0
1112,920.0,169215.0
1113,66.0,10301.0
1114,13.0,1876.0
1115,81.0,14415.0
1116,542.0,95046.0
1117,23.0,3309.0
1118,5.0,768.0
1119,22.0,4053.0
1120,2.0,308.0
1121,47.0,9906.0
1122,1.0,178.0
1123,108.0,17885.0
1124,1.0,171.0
1125,3.0,310.0
1126,4.0,775.0
1127,27.0,4186.0
1128,1.0,130.0
1129,14.0,2307.0
1130,2.0,399.0
1131,29.0,4602.0
1132,3.0,360.0
1133,17.0,3492.0
1134,17.0,2546.0
1135,27.0,3763.0
1137,13.0,2131.0
1139,124.0,16709.0
1140,1.0,180.0
1141,7.0,1254.0
1142,3.0,488.0
1143,49.0,8937.0
1144,5.0,782.0
1145,15.0,2819.0
1146,6.0,989.0
1147,17.0,2475.0
1148,3.0,445.0
1149,57.0,9102.0
1150,5.0,873.0
1151,42.0,7930.0
1152,1.0,130.0
1153,230.0,31996.0
1155,68.0,9128.0
1156,9.0,1272.0
1157,121.0,24703.0
1158,2.0,267.0
1159,333.0,48790.0
1161,40.0,6490.0
1162,6.0,926.0
1163,30.0,4225.0
1164,5.0,1077.0
1165,80.0,14500.0
1166,2.0,347.0
1167,69.0,9654.0
1168,10.0,1410.0
1169,45.0,8592.0
1170,3.0,353.0
1171,16.0,2716.0
1172,2.0,212.0
1173,67.0,15665.0
1175,133.0,22128.0
1177,25.0,5137.0
1178,8.0,1560.0
1179,22.0,4117.0
1180,97.0,17647.0
1181,18.0,2757.0
1183,13.0,3378.0
1184,15.0,2340.0
1185,19.0,3569.0
1186,9.0,2096.0
1187,12.0,2179.0
1188,11.0,1627.0
1189,8.0,1566.0
1190,49.0,9275.0
1191,4.0,630.0
1192,114.0,22288.0
1193,23.0,3881.0
1194,41.0,10751.0
1195,9.0,1603.0
1196,13.0,1903.0
1197,8.0,1196.0
1199,106.0,21138.0
1201,19.0,2431.0
1203,11.0,1950.0
1205,22.0,4296.0
1207,42.0,5992.0
1209,71.0,10224.0
1211,99.0,17026.0
1213,28.0,4368.0
1215,33.0,5000.0
1217,21.0,4490.0
1219,2388.0,421723.0
1221,152.0,35117.0
1223,85.0,17465.0
1225,42.0,6132.0
1227,19.0,2862.0
1229,15.0,2975.0
1231,24.0,4850.0
1233,73.0,10493.0
1235,43.0,6971.0
1237,17.0,2758.0
1239,69.0,11153.0
1241,45.0,8726.0
1243,19.0,2675.0
1245,12.0,2191.0
1247,239.0,35163.0
1249,33.0,4868.0
1251,62.0,8852.0
1253,140.0,20038.0
1255,26.0,5368.0
1257,122.0,17589.0
1259,21.0,3796.0
1261,92.0,16030.0
1263,25.0,3153.0
1265,58.0,8556.0
1267,88.0,12640.0
1269,13.0,1554.0
1271,52.0,8820.0
1273,41.0,5740.0
1275,28.0,3699.0
1277,82.0,15555.0
1279,37.0,5879.0
1281,97.0,18100.0
1283,190.0,35227.0
1285,286.0,79258.0
1287,287.0,47096.0
1289,47.0,6906.0
1291,15.0,2674.0
1293,13.0,2227.0
1295,6.0,1509.0
1297,17.0,2913.0
1299,38.0,6806.0
1301,28.0,4329.0
1303,92.0,16763.0
1305,176.0,27764.0
1307,42.0,6688.0
1309,16.0,1820.0
1311,40.0,6992.0
1313,50.0,7309.0
1315,49.0,8539.0
1317,62.0,9394.0
1319,308.0,46856.0
1321,131.0,17319.0
1323,164.0,26084.0
1325,34.0,4888.0
1327,34.0,6058.0
1329,9.0,1368.0
1331,97.0,15763.0
1333,58.0,8126.0
1335,7.0,1522.0
1337,172.0,24512.0
1339,45.0,6392.0
1341,163.0,21703.0
1343,189.0,32670.0
1345,32.0,5105.0
1347,186.0,31212.0
1349,195.0,29174.0
1351,118.0,16208.0
1353,70.0,9784.0
1355,302.0,40328.0
1357,50.0,6939.0
1359,48.0,7715.0
1361,17.0,2727.0
1363,87.0,16477.0
1365,38.0,5374.0
1367,20.0,3594.0
1369,258.0,39402.0
1371,21.0,2935.0
1373,902.0,138509.0
1375,62.0,10087.0
1377,37.0,7127.0
1379,25.0,3939.0
1381,69.0,9765.0
1383,105.0,14879.0
1385,454.0,67534.0
1387,20.0,3495.0
1389,9444.0,1484985.0
1391,80.0,13962.0
1393,39.0,7218.0
1395,61.0,8503.0
1397,40.0,7668.0
1399,17.0,2385.0
1401,79.0,13692.0
1403,19.0,2591.0
1405,37.0,5561.0
1407,38.0,5263.0
1409,167.0,27649.0
1411,294.0,43788.0
1413,106.0,18278.0
1415,48.0,7349.0
1417,138.0,21330.0
1419,78.0,11062.0
1421,34.0,4530.0
1423,106.0,15294.0
1425,18.0,2804.0
1427,106.0,15305.0
1429,454.0,72729.0
1431,56.0,7590.0
1433,57.0,11427.0
1435,52.0,6733.0
1437,36.0,5677.0
1439,76.0,10483.0
1441,123.0,18634.0
1443,39.0,6157.0
1445,24.0,3275.0
1447,586.0,81383.0
1449,80.0,17668.0
1451,84.0,12964.0
1453,180.0,27119.0
1455,600.0,86746.0
1457,22.0,3404.0
1459,17.0,2703.0
1461,56.0,8374.0
1463,121.0,18604.0
1465,24.0,4110.0
1467,136.0,23178.0
1469,72.0,10275.0
1471,64.0,8783.0
1473,78.0,12806.0
1475,383.0,56639.0
1477,12.0,1530.0
1479,44.0,6570.0
1481,27.0,3613.0
1483,37.0,7606.0
1485,61.0,12747.0
1487,52.0,7731.0
1489,118.0,16369.0
1491,97.0,15764.0
1493,125.0,17758.0
1495,278.0,40408.0
1497,34.0,5356.0
1499,17.0,2124.0
1501,18.0,2741.0
1503,37.0,4954.0
1505,70.0,9965.0
1507,38.0,5060.0
1509,26.0,3315.0
1511,268.0,37500.0
1513,23.0,3812.0
1515,56.0,7085.0
1517,42.0,7652.0
1519,28.0,3728.0
1521,15.0,2385.0
1523,36.0,4997.0
1525,19.0,2470.0
1527,373.0,49827.0
1529,254.0,41395.0
1531,99.0,13055.0
1533,38.0,5442.0
1535,26.0,3409.0
1537,151.0,18161.0
1539,20.0,3452.0
1541,55.0,8954.0
1543,50.0,8802.0
1545,168.0,23294.0
1547,65.0,10833.0
1549,162.0,24306.0
1551,10.0,1307.0
1553,37.0,5499.0
1555,88.0,16293.0
1557,12.0,1599.0
1559,336.0,45686.0
1561,50.0,7535.0
1563,125.0,18023.0
1565,72.0,12841.0
1567,68.0,9284.0
1569,170.0,25597.0
1571,372.0,62786.0
1573,53.0,8662.0
1575,22.0,2934.0
1577,162.0,25012.0
1579,17.0,2476.0
1581,81.0,12994.0
1583,135.0,22695.0
1585,626.0,92546.0
1587,124.0,17843.0
1589,43.0,7154.0
1591,98.0,12519.0
1593,70.0,12508.0
1595,71.0,11106.0
1597,52.0,7284.0
1599,92.0,12977.0
1601,26.0,3982.0
1603,145.0,24113.0
1605,49.0,7575.0
1607,7.0,1282.0
1609,25.0,4156.0
1611,9.0,1295.0
1613,29.0,4623.0
1615,23.0,4751.0
1617,28.0,3800.0
1619,145.0,22549.0
1621,59.0,9388.0
1623,38.0,7194.0
1625,61.0,7719.0
1627,13.0,2222.0
1629,6.0,799.0
1631,15.0,3350.0
1633,36.0,4967.0
1635,16.0,2398.0
1637,14.0,2847.0
1639,174.0,25850.0
1641,46.0,7482.0
1643,118.0,21524.0
1645,60.0,9133.0
1647,2.0,349.0
1649,43.0,6966.0
1651,171.0,26533.0
1653,13.0,2346.0
1655,13.0,2151.0
1657,8.0,1297.0
1659,12.0,2920.0
1661,89.0,12598.0
1663,18.0,3366.0
1665,16.0,2766.0
1667,28.0,4369.0
1669,37.0,6042.0
1671,150.0,23136.0
1673,21.0,2990.0
1675,10.0,1630.0
1677,7.0,1403.0
1679,6.0,891.0
1681,31.0,4599.0
1683,48.0,7106.0
1685,39.0,5344.0
1687,38.0,6168.0
1689,35.0,6471.0
1691,26.0,4084.0
1693,5.0,757.0
1695,5.0,882.0
1697,20.0,2752.0
1699,14.0,2080.0
1701,23.0,4958.0
1703,21.0,3365.0
1705,29.0,4730.0
1707,8.0,1557.0
1709,25.0,3424.0
1711,22.0,2753.0
1713,62.0,10331.0
1715,3.0,404.0
1717,15.0,2365.0
1719,52.0,8223.0
1721,14.0,2006.0
1723,12.0,1897.0
1725,18.0,2367.0
1727,8.0,1171.0
1729,45.0,6419.0
1731,60.0,10401.0
1733,16.0,1852.0
1735,14.0,3034.0
1737,13.0,2319.0
1739,16.0,5023.0
1741,233.0,33091.0
1743,75.0,10384.0
1745,19.0,2855.0
1747,11.0,1851.0
1749,9.0,2035.0
1751,10.0,1577.0
1753,38.0,7723.0
1755,48.0,7864.0
1757,9.0,1892.0
1759,940.0,132524.0
1761,1948.0,308314.0
1763,83.0,12386.0
1765,112.0,18208.0
1767,10.0,1236.0
1769,6.0,787.0
1771,6.0,1158.0
1773,7.0,828.0
1775,5.0,1333.0
1777,47.0,8006.0
1779,496.0,73588.0
1781,28.0,4482.0
1783,4.0,479.0
1785,31.0,3902.0
1787,77.0,11457.0
1789,15.0,2980.0
1791,5.0,841.0
1793,16.0,2352.0
1795,70.0,11226.0
1797,71.0,10692.0
1799,9.0,1271.0
1801,24.0,3632.0
1803,19.0,3093.0
1805,20.0,3410.0
1807,16.0,2569.0
1809,8.0,1227.0
1811,6.0,818.0
1813,4.0,617.0
1815,12.0,2096.0
1817,5.0,609.0
1819,3.0,487.0
1821,6.0,1147.0
1823,70.0,10138.0
1825,3.0,514.0
1827,15.0,1911.0
1829,67.0,9624.0
1831,7.0,1027.0
1833,14.0,3799.0
1835,4.0,691.0
1837,351.0,53704.0
1839,8.0,1083.0
1841,79.0,10092.0
1843,35.0,5060.0
1845,26.0,4627.0
1847,55.0,9752.0
1849,49.0,8532.0
1851,11.0,1563.0
1853,24.0,4257.0
1855,26.0,3682.0
1857,12.0,1885.0
1859,24.0,4589.0
1861,8.0,1551.0
1863,14.0,2718.0
1865,20.0,3002.0
1867,12.0,1657.0
1869,29.0,4567.0
1871,6.0,942.0
1873,4.0,659.0
1875,39.0,6915.0
1877,56.0,9116.0
1879,10.0,1451.0
1881,34.0,5444.0
1883,7.0,1601.0
1885,59.0,9609.0
1887,40.0,5206.0
1889,51.0,7016.0
1891,15.0,2684.0
1893,3.0,415.0
1895,11.0,1409.0
1897,18.0,2724.0
1899,15.0,3215.0
1901,23.0,3770.0
1903,11.0,1512.0
1905,61.0,9563.0
1907,54.0,8471.0
1909,47.0,8550.0
1911,109.0,17814.0
1913,36.0,6288.0
1915,75.0,11545.0
1917,52.0,8524.0
1919,41.0,6178.0
1921,63.0,9353.0
1923,22.0,3255.0
1925,68.0,11393.0
1927,54.0,9514.0
1929,40.0,7139.0
1931,33.0,5141.0
1933,36.0,5512.0
1935,24.0,3419.0
1937,557.0,92392.0
1939,38.0,5505.0
1941,21.0,3501.0
1943,18.0,3904.0
1945,3.0,393.0
1947,15.0,2717.0
1949,25.0,4360.0
1951,47.0,8404.0
1953,19.0,3308.0
1955,5.0,814.0
1957,30.0,4415.0
1959,10.0,1469.0
1961,136.0,20998.0
1963,8.0,869.0
1965,614.0,128923.0
1967,24.0,4539.0
1969,21.0,3783.0
1971,40.0,6878.0
1973,17.0,2427.0
1975,201.0,38901.0
1977,20.0,3408.0
1979,28.0,3616.0
1981,844.0,110201.0
1983,2.0,342.0
1985,12.0,2627.0
1987,126.0,17844.0
1989,47.0,7917.0
1991,12.0,2647.0
1993,144.0,25233.0
1995,11.0,1905.0
1997,41.0,10004.0
1999,146.0,21600.0
2001,14.0,1990.0
2003,66.0,10688.0
2005,24.0,3617.0
2007,3.0,588.0
2009,44.0,7177.0
2011,2.0,547.0
2013,25.0,3700.0
2015,15.0,2605.0
2017,13.0,1865.0
2019,7.0,876.0
2021,97.0,17475.0
2023,50.0,8728.0
2025,3.0,717.0
2027,154.0,26354.0
2029,58.0,13993.0
2031,12.0,2311.0
2033,13.0,1844.0
2035,24.0,5579.0
2037,176.0,30822.0
2039,145.0,20704.0
2041,55.0,8331.0
2043,30.0,4378.0
2045,30.0,4833.0
2047,42.0,9354.0
2049,31.0,4531.0
2051,2980.0,506914.0
2053,26.0,4027.0
2055,37.0,5727.0
2057,10.0,1610.0
2059,28.0,6177.0
2061,25.0,3765.0
2063,16.0,2937.0
2065,25.0,4525.0
2067,73.0,10841.0
2069,2.0,260.0
2071,15.0,2722.0
2073,36.0,5389.0
2075,13.0,2572.0
2077,18.0,3409.0
2079,203.0,31831.0
2081,53.0,7499.0
2083,81.0,14770.0
2085,40.0,5273.0
2087,56.0,9104.0
2089,68.0,13588.0
2091,15.0,2069.0
2093,13.0,1905.0
2095,99.0,14383.0
2097,52.0,9721.0
2099,8.0,1810.0
2101,10.0,1740.0
2103,35.0,6588.0
2105,34.0,5476.0
2107,6.0,1048.0
2109,19.0,2930.0
2111,8.0,1252.0
2113,10.0,2014.0
2115,9.0,1815.0
2117,279.0,41602.0
2119,13.0,1896.0
2121,4.0,904.0
2123,10.0,1494.0
2125,194.0,33430.0
2127,109.0,17987.0
2129,36.0,6123.0
2131,30.0,4896.0
2133,31.0,6040.0
2135,25.0,4762.0
2137,14.0,1956.0
2139,119.0,21536.0
2141,39.0,6542.0
2143,64.0,11061.0
2145,18.0,2385.0
2147,47.0,8893.0
2149,37.0,5875.0
2151,178.0,27942.0
2153,1.0,180.0
2155,54.0,10411.0
2157,27.0,4741.0
2159,144.0,22874.0
2161,8.0,1418.0
2163,23.0,3266.0
2165,7.0,1525.0
2167,34.0,5859.0
2169,53.0,7566.0
2171,3.0,356.0
2173,16.0,2709.0
2175,456.0,67993.0
2177,15.0,3109.0
2179,44.0,6234.0
2181,12.0,1792.0
2183,15.0,2285.0
2185,22.0,4246.0
2187,13.0,3669.0
2189,6.0,1253.0
2191,27.0,6200.0
2193,10.0,1735.0
2195,4.0,746.0
2197,9.0,1794.0
2199,9.0,1132.0
2201,45.0,7912.0
2203,29.0,4610.0
2205,7.0,869.0
2207,204.0,37058.0
2209,40.0,6710.0
2211,50.0,9164.0
2213,6.0,916.0
2215,10.0,1335.0
2217,66.0,10033.0
2219,19.0,3108.0
2221,71.0,10259.0
2223,23.0,3503.0
2225,411.0,84435.0
2227,54.0,8027.0
2229,13.0,1579.0
2231,55.0,10801.0
2233,43.0,8742.0
2235,51.0,9175.0
2237,27.0,4682.0
2239,18.0,3090.0
2241,33.0,5907.0
2243,7.0,795.0
2245,46.0,9045.0
2247,9.0,1699.0
2249,48.0,8373.0
2251,14.0,2721.0
2253,30.0,5172.0
2255,18.0,4026.0
2257,20.0,4143.0
2259,22.0,4064.0
2261,12.0,1535.0
2263,29.0,5145.0
2265,25.0,4767.0
2267,26.0,4754.0
2269,21.0,3232.0
2271,16.0,3174.0
2273,30.0,3839.0
2275,40.0,7642.0
2277,9.0,1304.0
2279,37.0,6265.0
2281,10.0,1136.0
2283,21.0,3753.0
2285,15.0,2120.0
2287,7.0,1115.0
2289,92.0,17634.0
2291,40.0,7233.0
2293,84.0,16155.0
2295,30.0,5354.0
2297,46.0,8013.0
2299,61.0,10165.0
2301,104.0,17002.0
2303,222.0,42945.0
2305,121.0,26954.0
2307,118.0,21140.0
2309,204.0,44224.0
2311,71.0,14038.0
2313,296.0,53732.0
2315,136.0,24589.0
2317,78.0,12175.0
2319,39.0,7495.0
2321,351.0,64152.0
2323,264.0,50245.0
2325,44.0,6961.0
2327,363.0,58970.0
2329,75.0,13932.0
2331,161.0,35057.0
2333,332.0,62071.0
2335,71.0,13687.0
2337,437.0,71500.0
2339,192.0,31281.0
2341,161.0,25371.0
2343,206.0,38546.0
2345,162.0,28035.0
2347,34.0,7874.0
2349,25.0,4306.0
2351,169.0,29768.0
2353,111.0,19343.0
2355,220.0,41124.0
2357,925.0,156724.0
2359,264.0,52117.0
2361,45.0,8022.0
2363,88.0,16864.0
2365,29.0,4429.0
2367,40.0,8427.0
2369,96.0,18541.0
2371,53.0,9987.0
2373,74.0,13319.0
2375,54.0,9712.0
2377,32.0,6395.0
2379,478.0,84363.0
2381,1265.0,230891.0
2383,381.0,71271.0
2385,23.0,4160.0
2387,78.0,17013.0
2389,73.0,12804.0
2391,72.0,14696.0
2393,71.0,13178.0
2395,58.0,10493.0
2397,133.0,23889.0
2399,76.0,14446.0
2401,233.0,44944.0
2403,416.0,70471.0
2405,118.0,23871.0
2407,207.0,40051.0
2409,45.0,9095.0
2411,127.0,25631.0
2413,165.0,27944.0
2415,96.0,16497.0
2417,153.0,23671.0
2419,603.0,112762.0
2421,106.0,17676.0
2423,418.0,78724.0
2425,20.0,2997.0
2427,376.0,70604.0
2429,87.0,18836.0
2431,142.0,22721.0
2433,21.0,4344.0
2435,565.0,103715.0
2437,44.0,8821.0
2439,129.0,23626.0
2441,24.0,4244.0
2443,585.0,98923.0
2445,83.0,15631.0
2447,11.0,2910.0
2449,82.0,16463.0
2451,115.0,24382.0
2453,46.0,7914.0
2455,87.0,15360.0
2457,2766.0,441378.0
2459,77.0,11881.0
2461,44.0,7090.0
2463,130.0,24238.0
2465,32.0,5969.0
2467,49.0,8332.0
2469,76.0,12131.0
2471,46.0,7363.0
2473,70.0,12791.0
2475,126.0,25014.0
2477,237.0,39824.0
2479,55.0,8816.0
2481,62.0,12039.0
2483,63.0,12890.0
2485,90.0,17187.0
2487,357.0,59613.0
2489,147.0,25660.0
2491,1731.0,297871.0
2493,102.0,15861.0
2495,86.0,22561.0
2497,260.0,43869.0
2499,417.0,75753.0
2501,39.0,9529.0
2503,90.0,14380.0
2505,55.0,9894.0
2507,40.0,7980.0
2509,137.0,19607.0
2511,428.0,78899.0
2513,1740.0,307583.0
2515,106.0,19433.0
2517,623.0,109460.0
2519,136.0,23635.0
2521,2625.0,482668.0
2523,62.0,11608.0
2525,120.0,19522.0
2527,96.0,15641.0
2529,89.0,16592.0
2531,4597.0,739676.0
2533,54.0,9205.0
2535,195.0,29833.0
2537,80.0,18287.0
2539,49.0,7745.0
2541,21.0,3564.0
2543,203.0,35291.0
2545,68.0,15766.0
2547,114.0,20570.0
2549,500.0,86301.0
2551,195.0,34064.0
2553,51.0,8681.0
2555,45.0,8169.0
2557,66.0,11774.0
2559,203.0,36325.0
2561,159.0,28041.0
2563,68.0,12248.0
2565,126.0,22727.0
2567,102.0,19839.0
2569,126.0,26389.0
2571,137.0,24484.0
2573,586.0,97096.0
2575,36.0,8316.0
2577,261.0,47398.0
2579,57.0,9758.0
2581,234.0,44459.0
2583,148.0,27573.0
2585,32.0,5264.0
2587,16.0,2508.0
2589,218.0,47006.0
2591,105.0,23070.0
2593,80.0,16310.0
2595,52.0,8210.0
2597,144.0,26364.0
2599,57.0,9523.0
2601,21.0,4659.0
2603,26.0,5933.0
2605,149.0,25568.0
2607,57.0,11570.0
2609,89.0,14463.0
2611,91.0,17729.0
2613,47.0,7462.0
2615,160.0,31003.0
2617,39.0,8118.0
2619,50.0,9098.0
2621,33.0,6931.0
2623,42.0,7880.0
2625,100.0,16914.0
2627,830.0,143660.0
2629,444.0,69665.0
2631,826.0,137092.0
2633,136.0,25520.0
2635,85.0,21074.0
2637,13.0,2820.0
2639,24.0,3606.0
2641,60.0,9193.0
2643,30.0,4265.0
2645,38.0,8293.0
2647,45.0,7687.0
2649,119.0,24601.0
2651,16.0,2704.0
2653,19.0,2909.0
2655,39.0,7458.0
2657,31.0,6144.0
2659,23.0,3980.0
2661,20.0,2988.0
2663,6.0,705.0
2665,37.0,5980.0
2667,27.0,4079.0
2669,7.0,889.0
2671,25.0,4125.0
2673,104.0,17302.0
2675,9.0,1258.0
2677,31.0,4449.0
2679,20.0,2821.0
2681,17.0,2893.0
2683,19.0,3073.0
2685,25.0,3030.0
2687,12.0,2865.0
2689,29.0,4864.0
2691,125.0,23320.0
2693,18.0,2470.0
2695,43.0,6815.0
2697,16.0,3015.0
2699,36.0,5502.0
2701,45.0,12312.0
2703,78.0,11775.0
2705,458.0,76237.0
2707,233.0,35540.0
2709,119.0,18877.0
2711,88.0,16874.0
2713,54.0,9250.0
2715,19.0,3438.0
2717,12.0,2318.0
2719,114.0,19761.0
2721,63.0,10975.0
2723,31.0,5317.0
2725,138.0,21410.0
2727,161.0,21352.0
2729,48.0,8949.0
2731,83.0,17096.0
2733,57.0,8811.0
2735,23.0,6437.0
2737,36.0,6732.0
2739,18.0,2896.0
2741,176.0,28337.0
2743,19.0,2698.0
2745,120.0,18446.0
2747,134.0,24355.0
2749,32.0,4504.0
2751,47.0,7934.0
2753,8.0,1184.0
2755,63.0,9920.0
2757,98.0,21036.0
2759,47.0,7931.0
2761,87.0,15102.0
2763,57.0,7800.0
2765,34.0,6302.0
2767,19.0,2443.0
2769,28.0,4233.0
2771,125.0,21019.0
2773,30.0,7724.0
2775,99.0,15407.0
2777,7.0,811.0
2779,92.0,13471.0
2781,39.0,6963.0
2783,62.0,11795.0
2785,2336.0,348562.0
2787,57.0,9092.0
2789,144.0,23651.0
2791,116.0,15964.0
2793,218.0,39050.0
2795,34.0,5215.0
2797,16.0,1954.0
2799,46.0,7106.0
2801,93.0,13828.0
2803,39.0,5359.0
2805,11.0,2063.0
2807,54.0,10419.0
2809,115.0,19564.0
2811,67.0,12016.0
2813,42.0,6096.0
2815,37.0,7156.0
2817,46.0,8854.0
2819,47.0,10242.0
2821,48.0,8084.0
2823,16.0,2688.0
2825,334.0,49835.0
2827,74.0,11669.0
2829,56.0,8630.0
2831,23.0,4171.0
2833,278.0,43240.0
2835,88.0,14739.0
2837,185.0,29125.0
2839,4.0,486.0
2841,112.0,23070.0
2843,73.0,12376.0
2845,248.0,39275.0
2847,55.0,7921.0
2849,79.0,12529.0
2851,42.0,9342.0
2853,307.0,48245.0
2855,57.0,9595.0
2857,23.0,3238.0
2859,154.0,26712.0
2861,29.0,4349.0
2863,17.0,2357.0
2865,107.0,17177.0
2867,124.0,22383.0
2869,382.0,55459.0
2871,234.0,33781.0
2873,46.0,6579.0
2875,110.0,19178.0
2877,42.0,7673.0
2879,27.0,4146.0
2881,38.0,6155.0
2883,42.0,8504.0
2885,230.0,32758.0
2887,109.0,17849.0
2889,57.0,10545.0
2891,38.0,6506.0
2893,330.0,66999.0
2895,5.0,583.0
2897,37.0,6665.0
2899,39.0,6391.0
2901,16.0,2200.0
2903,23.0,4465.0
2905,64.0,11230.0
2907,200.0,36641.0
2909,2085.0,348714.0
2911,499.0,79300.0
2913,379.0,64588.0
2915,25.0,3383.0
2917,19.0,2691.0
2919,15.0,2482.0
2921,299.0,51448.0
2923,35.0,5988.0
2925,31.0,5793.0
2927,35.0,6824.0
2929,13.0,1883.0
2931,10.0,1539.0
2933,18.0,2875.0
2935,10.0,1251.0
2947,17.0,3239.0
2965,149.0,29262.0
2967,64.0,10384.0
2981,5.0,857.0
2991,4.0,669.0
2995,13.0,1723.0
2997,20.0,3089.0
2999,20.0,3742.0
3001,1.0,180.0
3003,93.0,13951.0
3005,32.0,6850.0
3007,29.0,4177.0
3009,9.0,1131.0
3011,30.0,5933.0
3013,17.0,2815.0
3015,36.0,6833.0
3017,102.0,16770.0
3019,15.0,2141.0
3021,73.0,13301.0
3023,90.0,13379.0
3025,47.0,7834.0
3027,14.0,2697.0
3029,39.0,5647.0
3031,49.0,8058.0
3033,35.0,6370.0
3035,34.0,6200.0
3037,102.0,14427.0
3039,73.0,13501.0
3041,46.0,8757.0
3043,54.0,9010.0
3045,123.0,19206.0
3047,93.0,13195.0
3049,34.0,4489.0
3051,11.0,1990.0
3059,17.0,2698.0
3065,19.0,2858.0
3067,90.0,17323.0
3069,56.0,7850.0
3071,33.0,5404.0
3073,58.0,10196.0
3075,31.0,4660.0
3079,81.0,18336.0
3081,26.0,3266.0
3083,54.0,8361.0
3085,53.0,9542.0
3087,426.0,67569.0
3089,52.0,6736.0
3091,57.0,8587.0
3093,24.0,3041.0
3095,21.0,4436.0
3097,15.0,2389.0
3099,42.0,6187.0
3101,5.0,534.0
3103,45.0,5810.0
3105,1552.0,212355.0
3107,41.0,5257.0
3109,41.0,6021.0
3111,134.0,21652.0
3113,24.0,3653.0
3115,104.0,15073.0
3117,430.0,67837.0
3119,53.0,6923.0
3121,24.0,4538.0
3123,104.0,16442.0
3125,163.0,27685.0
3127,62.0,8273.0
3129,77.0,11836.0
3131,7.0,1077.0
3133,99.0,15435.0
3135,21.0,3103.0
3137,21.0,2584.0
3139,38.0,7011.0
3141,292.0,40667.0
3143,17.0,2082.0
3145,61.0,8916.0
3147,14.0,1856.0
3149,38.0,5528.0
3151,54.0,8382.0
3153,36.0,6014.0
3155,61.0,11278.0
3157,296.0,41797.0
3159,109.0,19568.0
3161,11.0,1458.0
3163,135.0,20164.0
3165,75.0,9945.0
3167,136.0,19236.0
3169,409.0,53981.0
3171,116.0,16925.0
3173,23.0,3210.0
3175,3.0,528.0
3177,32.0,4277.0
3179,45.0,5802.0
3181,4.0,479.0
3183,64.0,10511.0
3185,44.0,6382.0
3187,94.0,13373.0
3189,187.0,25766.0
3191,120.0,19585.0
3193,14.0,2221.0
3195,1141.0,168916.0
3197,51.0,8049.0
3199,23.0,3099.0
3201,45.0,5880.0
3203,22.0,3088.0
3205,52.0,8379.0
3207,137.0,20802.0
3209,94.0,15210.0
3211,72.0,11825.0
3213,113.0,16717.0
3215,120.0,15802.0
3217,96.0,12249.0
3219,41.0,5951.0
3221,62.0,9321.0
3223,84.0,10909.0
3225,64.0,11481.0
3229,38.0,5741.0
3231,73.0,10533.0
3233,570.0,81676.0
3235,28.0,4249.0
3237,21.0,3311.0
3239,13.0,1949.0
3241,309.0,50613.0
3243,25.0,4243.0
3245,15.0,2511.0
3247,137.0,18608.0
3249,28.0,4232.0
3251,74.0,10141.0
3253,56.0,7043.0
3255,51.0,6673.0
3257,29.0,5443.0
3259,58.0,8347.0
3261,35.0,5564.0
3263,20.0,2994.0
3265,46.0,6527.0
3267,53.0,8869.0
3269,101.0,20234.0
3271,46.0,7704.0
3273,14.0,1855.0
3275,19.0,2872.0
3277,23.0,3859.0
3279,161.0,31712.0
3281,26.0,3999.0
3283,60.0,9652.0
3285,35.0,5386.0
3287,16.0,3443.0
3289,30.0,5719.0
3291,22.0,3534.0
3293,60.0,8673.0
3295,57.0,10986.0
3297,24.0,3060.0
3299,59.0,10090.0
3301,34.0,4260.0
3303,155.0,26224.0
3305,51.0,6736.0
3307,48.0,8779.0
3309,5.0,682.0
3311,19.0,2957.0
3313,734.0,106962.0
3315,36.0,5188.0
3317,33.0,5720.0
3319,166.0,23278.0
3321,105.0,14500.0
3323,100.0,15557.0
3325,71.0,11152.0
3327,75.0,15031.0
3329,54.0,9470.0
3331,52.0,6792.0
3333,60.0,9305.0
3335,28.0,4489.0
3337,50.0,6966.0
3339,46.0,6496.0
3341,144.0,21674.0
3343,44.0,6309.0
3345,30.0,5581.0
3347,40.0,6531.0
3349,113.0,26141.0
3351,75.0,10776.0
3353,114.0,19660.0
3355,51.0,7633.0
3357,122.0,21624.0
3359,32.0,4853.0
3361,28.0,4912.0
3363,539.0,76922.0
3365,38.0,5947.0
3367,74.0,11566.0
3369,23.0,3548.0
3371,58.0,9066.0
3373,33.0,5710.0
3375,62.0,11027.0
3377,265.0,44294.0
3379,36.0,5218.0
3381,54.0,10035.0
3383,37.0,6109.0
3385,17.0,2408.0
3387,10.0,1266.0
3389,46.0,7087.0
3391,106.0,14099.0
3393,48.0,6854.0
3395,13.0,1531.0
3397,149.0,22301.0
3399,13.0,1560.0
3401,63.0,12523.0
3403,93.0,12618.0
3405,37.0,6327.0
3407,61.0,11122.0
3409,73.0,14683.0
3411,130.0,19241.0
3413,1139.0,172051.0
3415,92.0,15026.0
3417,31.0,5044.0
3419,228.0,35776.0
3421,12.0,2371.0
3423,58.0,9661.0
3425,183.0,31925.0
3427,24.0,4554.0
3429,176.0,24355.0
3431,33.0,5853.0
3433,75.0,12524.0
3435,65.0,12017.0
3437,83.0,12842.0
3439,44.0,7715.0
3441,114.0,20928.0
3443,498.0,85924.0
3445,94.0,14547.0
3447,18.0,3701.0
3449,149.0,19326.0
3451,30.0,4338.0
3453,21.0,3857.0
3455,106.0,14315.0
3457,38.0,6495.0
3459,91.0,12199.0
3461,44.0,7782.0
3463,73.0,11731.0
3465,122.0,18963.0
3467,164.0,23922.0
3469,290.0,43211.0
3471,62.0,8746.0
3473,33.0,5175.0
3475,8.0,967.0
3477,356.0,50155.0
3479,16.0,2767.0
3481,50.0,9676.0
3483,94.0,16386.0
3485,73.0,13268.0
3487,48.0,9199.0
3489,10.0,1649.0
3491,64.0,8773.0
3493,29.0,4743.0
3495,205.0,26999.0
3497,208.0,36360.0
3499,29.0,4618.0
3501,18.0,4091.0
3503,11.0,1523.0
3505,11.0,1364.0
3507,41.0,6515.0
3509,109.0,14710.0
3511,64.0,10467.0
3513,131.0,20909.0
3515,1266.0,155098.0
3517,52.0,6790.0
3519,35.0,5421.0
3521,86.0,13766.0
3523,102.0,17361.0
3525,24.0,3824.0
3527,31.0,4479.0
3529,62.0,12522.0
3531,101.0,13907.0
3533,311.0,52233.0
3535,65.0,10971.0
3537,139.0,23775.0
3539,17.0,2305.0
3541,88.0,13100.0
3543,86.0,14630.0
3545,72.0,11629.0
3547,49.0,7289.0
3549,112.0,20430.0
3551,16.0,2075.0
3553,30.0,4108.0
3555,51.0,7129.0
3557,27.0,5227.0
3559,52.0,7312.0
3561,30.0,5114.0
3563,47.0,6358.0
3565,49.0,7726.0
3567,24.0,4037.0
3569,45.0,6337.0
3571,65.0,13527.0
3573,775.0,107089.0
3575,75.0,11297.0
3577,54.0,10416.0
3579,246.0,39854.0
3581,111.0,15947.0
3583,22.0,5065.0
3585,10.0,1437.0
3587,38.0,6248.0
3589,52.0,7566.0
3591,153.0,25750.0
3593,280.0,49693.0
3595,398.0,59863.0
3597,652.0,88665.0
3599,199.0,38741.0
3601,72.0,13218.0
3603,43.0,7790.0
3605,57.0,7445.0
3607,33.0,4150.0
3609,26.0,4000.0
3611,86.0,11794.0
3613,275.0,44651.0
3615,18.0,4040.0
3617,105.0,15896.0
3619,55.0,7648.0
3621,58.0,8341.0
3623,112.0,19851.0
3625,48.0,8084.0
3627,62.0,8643.0
3629,280.0,39671.0
3631,130.0,17999.0
3633,18.0,2139.0
3635,21.0,3146.0
3637,72.0,10827.0
3639,48.0,6360.0
3641,90.0,14435.0
3643,84.0,14083.0
3645,14.0,1559.0
3647,108.0,17849.0
3649,29.0,4060.0
3651,295.0,41290.0
3653,58.0,7675.0
3655,67.0,9546.0
3657,55.0,8992.0
3659,26.0,3866.0
3661,358.0,51811.0
3663,224.0,31728.0
3665,45.0,6558.0
3667,47.0,7144.0
3669,1103.0,192363.0
3671,22.0,3434.0
3673,6.0,739.0
3675,7.0,1382.0
3677,62.0,9824.0
3679,18.0,2882.0
3681,9.0,1232.0
3683,44.0,8692.0
3685,558.0,86407.0
3687,34.0,5413.0
3689,20.0,3422.0
3691,63.0,9496.0
3693,34.0,4881.0
3695,68.0,12055.0
3697,65.0,10215.0
3699,42.0,7530.0
3701,29.0,4793.0
3703,73.0,10794.0
3705,62.0,9600.0
3707,8.0,878.0
3709,40.0,5236.0
3711,55.0,7468.0
3713,178.0,22235.0
3715,73.0,11325.0
3717,42.0,9096.0
3719,46.0,6121.0
3721,268.0,36712.0
3723,64.0,8891.0
3725,70.0,10810.0
3727,45.0,6933.0
3729,80.0,9438.0
3731,150.0,24339.0
3733,28.0,5902.0
3735,110.0,17095.0
3737,20.0,2648.0
3739,42.0,8279.0
3741,110.0,15285.0
3743,107.0,18558.0
3745,26.0,3485.0
3747,243.0,40157.0
3749,33.0,5044.0
3751,69.0,9535.0
3753,46.0,6960.0
3755,37.0,4931.0
3757,33.0,4320.0
3759,66.0,12199.0
3761,178.0,29984.0
3763,83.0,13687.0
3765,61.0,8570.0
3767,38.0,5072.0
3769,60.0,9117.0
3771,27.0,4774.0
3773,44.0,5691.0
3775,303.0,46799.0
3777,43.0,6099.0
3779,106.0,15772.0
3781,341.0,58024.0
3783,37.0,5750.0
3785,32.0,6917.0
3787,20.0,3040.0
3789,92.0,20276.0
3791,40.0,6143.0
3793,40.0,6021.0
3795,33.0,4843.0
3797,70.0,11998.0
3799,26.0,4369.0
3801,67.0,10699.0
3803,126.0,18665.0
3805,95.0,15085.0
3807,540.0,82758.0
3809,144.0,20505.0
3811,98.0,15294.0
3813,65.0,10596.0
3815,50.0,8322.0
3817,76.0,12260.0
3819,82.0,13263.0
3821,125.0,20400.0
3823,52.0,7635.0
3825,117.0,24637.0
3827,80.0,10722.0
3829,100.0,17635.0
3831,155.0,21635.0
3833,92.0,12682.0
3835,17.0,3060.0
3837,32.0,3991.0
3839,13.0,1745.0
3841,82.0,12051.0
3843,63.0,10882.0
3845,220.0,34519.0
3847,68.0,11624.0
3849,7964.0,1103462.0
3851,56.0,9033.0
3853,36.0,5056.0
3855,130.0,20040.0
3857,50.0,7448.0
3859,59.0,7865.0
3861,106.0,15315.0
3863,125.0,18137.0
3865,51.0,6730.0
3867,79.0,11357.0
3869,25.0,3744.0
3871,376.0,53639.0
3873,288.0,41603.0
3875,225.0,41304.0
3877,232.0,44512.0
3879,43.0,7076.0
3881,38.0,5358.0
3883,128.0,20699.0
3885,87.0,13414.0
3887,20.0,2707.0
3889,107.0,13941.0
3891,69.0,10476.0
3893,31.0,5653.0
3895,46.0,6288.0
3897,146.0,20210.0
3899,46.0,6088.0
3901,206.0,26431.0
3903,100.0,20300.0
3905,42.0,5988.0
3907,42.0,7471.0
3909,408.0,65595.0
3911,23.0,3577.0
3913,657.0,95156.0
3915,44.0,6795.0
3917,24.0,4532.0
3919,53.0,6794.0
3921,28.0,4550.0
3923,44.0,5976.0
3925,42.0,8301.0
3927,60.0,8723.0
3929,47.0,6816.0
3931,45.0,6931.0
3933,251.0,39718.0
3935,28.0,5622.0
3937,147.0,23952.0
3939,98.0,15409.0
3941,44.0,7050.0
3943,65.0,8574.0
3945,45.0,6644.0
3947,30.0,5804.0
3949,199.0,36213.0
3951,58.0,9847.0
3953,110.0,18185.0
3955,53.0,7781.0
3957,175.0,27578.0
3959,110.0,15206.0
3961,22.0,3588.0
3963,200.0,35571.0
3965,748.0,110167.0
3967,21.0,3320.0
3969,72.0,14556.0
3971,255.0,46968.0
3973,64.0,8684.0
3975,22.0,3844.0
3977,56.0,13295.0
3979,22.0,3790.0
3981,46.0,6731.0
3983,41.0,8893.0
3985,80.0,15186.0
3987,42.0,6874.0
3989,33.0,4470.0
3991,13.0,1881.0
3993,504.0,76395.0
3995,82.0,12033.0
3997,80.0,14067.0
3999,43.0,6240.0
4001,16.0,2592.0
4003,37.0,4180.0
4005,26.0,4297.0
4007,19.0,3502.0
4009,18.0,2407.0
4011,56.0,10481.0
4013,10.0,1739.0
4015,17.0,2750.0
4017,66.0,12088.0
4019,57.0,12320.0
4021,68.0,10218.0
4023,8.0,1001.0
4025,9.0,1582.0
4027,7.0,1052.0
4029,95.0,15256.0
4031,170.0,25559.0
4033,164.0,25088.0
4035,44.0,8874.0
4037,33.0,4977.0
4039,16.0,3352.0
4041,37.0,5566.0
4043,15.0,2115.0
4045,68.0,11093.0
4047,19.0,3833.0
4049,23.0,4102.0
4051,76.0,10314.0
4053,56.0,9982.0
4055,68.0,9978.0
4057,37.0,5972.0
4059,29.0,3793.0
4061,6.0,908.0
4063,6.0,1500.0
4065,4.0,390.0
4067,150.0,23038.0
4069,328.0,53186.0
4071,5.0,773.0
4073,5.0,602.0
4075,2.0,529.0
4077,10.0,1283.0
4079,347.0,74491.0
4081,14.0,1903.0
4083,93.0,16149.0
4085,25.0,3938.0
4087,4.0,538.0
4089,87.0,16152.0
4091,64.0,10895.0
4093,57.0,9364.0
4095,13.0,1981.0
4097,50.0,9311.0
4099,13.0,2179.0
4101,56.0,8711.0
4103,9.0,1480.0
4105,4.0,743.0
4107,105.0,15719.0
4109,14.0,2231.0
4111,321.0,52495.0
4113,24.0,4361.0
4115,123.0,20356.0
4117,94.0,15996.0
4119,38.0,6297.0
4121,9.0,1240.0
4123,4948.0,819451.0
4125,111.0,18377.0
4127,19.0,3170.0
4129,23.0,3960.0
4131,20.0,5363.0
4133,2111.0,390785.0
4135,22.0,4079.0
4137,52.0,11749.0
4139,11.0,2439.0
4141,114.0,18028.0
4143,19.0,2913.0
4145,239.0,47493.0
4147,174.0,30598.0
4149,12.0,1752.0
4151,5.0,737.0
4153,21.0,3591.0
4155,79.0,14051.0
4157,6.0,912.0
4159,17.0,1771.0
4161,13.0,2069.0
4163,17.0,2552.0
4165,37.0,6479.0
4167,40.0,5349.0
4169,32.0,5242.0
4171,60.0,8709.0
4173,13.0,2038.0
4175,3.0,647.0
4177,8.0,1055.0
4179,67.0,12252.0
4181,13.0,1894.0
4183,19.0,2952.0
4185,90.0,14129.0
4187,305.0,47876.0
4189,17.0,2910.0
4191,4.0,611.0
4193,11.0,1571.0
4195,5.0,1135.0
4197,27.0,3938.0
4199,67.0,8509.0
4201,2.0,351.0
4203,19.0,3706.0
4205,46.0,7600.0
4207,1.0,41.0
4209,116.0,19980.0
4211,100.0,18668.0
4213,49.0,8290.0
4215,27.0,4890.0
4217,38.0,5356.0
4219,9.0,1413.0
4221,65.0,9487.0
4223,137.0,20627.0
4225,28.0,6296.0
4227,65.0,14461.0
4229,46.0,7599.0
4231,52.0,9014.0
4233,7.0,876.0
4235,35.0,5243.0
4237,11.0,1309.0
4239,26.0,4321.0
4241,7.0,876.0
4243,8.0,1147.0
4245,90.0,13288.0
4247,27.0,3889.0
4249,22.0,3763.0
4251,42.0,6589.0
4253,56.0,11840.0
4255,8.0,1231.0
4257,25.0,4925.0
4259,37.0,7500.0
4261,3.0,340.0
4263,45.0,7498.0
4265,131.0,21748.0
4267,228.0,30950.0
4269,24.0,3637.0
4271,26.0,3442.0
4273,81.0,13535.0
4275,5.0,1264.0
4277,56.0,7791.0
4279,18.0,2914.0
4281,62.0,11026.0
4283,19.0,2852.0
4285,81.0,11819.0
4287,43.0,7429.0
4289,32.0,4282.0
4291,5.0,604.0
4293,2.0,164.0
4295,15.0,2701.0
4299,15.0,2691.0
4301,49.0,8503.0
4303,11.0,1550.0
4305,172.0,23117.0
4307,3.0,486.0
4309,55.0,7665.0
4311,3.0,442.0
4313,42.0,7156.0
4315,53.0,7534.0
4317,8.0,1153.0
4319,22.0,3242.0
4321,36.0,6247.0
4323,19.0,4486.0
4325,15.0,2022.0
4327,10.0,1835.0
4329,23.0,3664.0
4331,61.0,9909.0
4333,27.0,3802.0
4335,25.0,4227.0
4337,43.0,8432.0
4339,40.0,5942.0
4341,12.0,2145.0
4343,1.0,260.0
4345,37.0,4905.0
4347,14.0,2331.0
4349,117.0,20391.0
4351,5.0,940.0
4353,36.0,5823.0
4355,20.0,3377.0
4357,19.0,3421.0
4359,104.0,14671.0
4361,9.0,1306.0
4363,14.0,2265.0
4365,104.0,13962.0
4367,75.0,11623.0
4369,7.0,987.0
4371,1915.0,320030.0
4373,29.0,4691.0
4375,115.0,18917.0
4377,53.0,8098.0
4379,14.0,2873.0
4381,88.0,13895.0
4383,17.0,2856.0
4385,119.0,16350.0
4387,320.0,50006.0
4389,16.0,2416.0
4391,15.0,2712.0
4393,5.0,1156.0
4395,3.0,667.0
4397,8.0,1084.0
4399,11.0,1841.0
4401,12.0,2940.0
4403,52.0,8431.0
4405,80.0,14896.0
4407,16.0,3266.0
4409,15.0,3425.0
4411,15.0,2332.0
4413,25.0,5814.0
4415,65.0,11706.0
4417,309.0,50149.0
4419,23.0,5074.0
4421,11.0,1773.0
4423,17.0,2701.0
4425,28.0,4622.0
4427,3.0,342.0
4429,4.0,438.0
4431,195.0,30523.0
4433,16.0,2703.0
4435,23.0,3194.0
4437,17.0,2301.0
4439,36.0,4947.0
4441,18.0,3304.0
4443,10.0,1399.0
4445,177.0,23068.0
4447,5.0,1357.0
4449,6.0,664.0
4451,15.0,2673.0
4453,7.0,1526.0
4455,3.0,431.0
4457,12.0,1568.0
4459,9.0,1101.0
4461,10.0,1641.0
4463,49.0,6925.0
4465,13.0,1853.0
4467,10.0,1854.0
4469,2.0,246.0
4471,67.0,10715.0
4473,29.0,5743.0
4475,78.0,14219.0
4477,24.0,4703.0
4479,50.0,5834.0
4481,291.0,48480.0
4483,48.0,7051.0
4485,213.0,37417.0
4487,4.0,732.0
4489,19.0,2793.0
4491,3.0,349.0
4493,6.0,987.0
4495,41.0,8187.0
4497,23.0,4005.0
4499,39.0,6807.0
4501,150.0,23202.0
4503,3.0,577.0
4505,15.0,2800.0
4507,14.0,2009.0
4509,13.0,3037.0
4511,12.0,2098.0
4513,41.0,6855.0
4515,10.0,1167.0
4517,14.0,2271.0
4519,6.0,773.0
4521,93.0,15080.0
4523,45.0,9016.0
4525,3.0,431.0
4527,5.0,563.0
4529,24.0,4087.0
4531,16.0,2519.0
4533,83.0,11410.0
4535,16.0,2788.0
4537,93.0,19598.0
4539,53.0,9499.0
4541,148.0,19961.0
4543,18.0,3673.0
4545,28.0,4580.0
4547,5.0,937.0
4549,5.0,1025.0
4551,22.0,2870.0
4553,754.0,111769.0
4555,39.0,5545.0
4557,3.0,397.0
4559,93.0,12377.0
4561,17.0,2856.0
4563,20.0,4975.0
4565,33.0,4479.0
4567,29.0,5400.0
4569,22.0,4330.0
4571,14.0,2343.0
4573,123.0,17817.0
4575,33.0,7337.0
4577,56.0,9543.0
4579,19.0,3423.0
4581,20.0,3122.0
4583,13.0,2579.0
4585,40.0,4624.0
4587,8.0,1367.0
4589,77.0,11014.0
4591,42.0,6480.0
4593,27.0,5391.0
4595,805.0,128077.0
4597,3.0,488.0
4599,8.0,2237.0
4601,133.0,23978.0
4603,10.0,1151.0
4605,32.0,6983.0
4607,18.0,3520.0
4609,22.0,3121.0
4611,13.0,1616.0
4613,29.0,4901.0
4615,6.0,1042.0
4617,90.0,14787.0
4619,16.0,2611.0
4621,43.0,8328.0
4623,75.0,13036.0
4625,911.0,162921.0
4627,15.0,2896.0
4629,9.0,1254.0
4631,48.0,10171.0
4633,278.0,45842.0
4635,21.0,2848.0
4637,132.0,21868.0
4639,23.0,4031.0
4641,63.0,11092.0
4643,47.0,7467.0
4645,44.0,9255.0
4647,188.0,31807.0
4649,79.0,11176.0
4651,8.0,1517.0
4653,124.0,21165.0
4655,3.0,351.0
4657,15.0,2103.0
4659,27.0,4315.0
4661,21.0,3880.0
4663,10.0,1616.0
4665,44.0,7362.0
4667,57.0,8999.0
4669,49.0,9826.0
4671,74.0,12295.0
4673,40.0,6574.0
4675,213.0,34798.0
4677,18.0,3273.0
4679,58.0,10387.0
4681,12.0,2268.0
4683,203.0,27024.0
4685,13.0,1711.0
4687,216.0,40837.0
4689,2.0,253.0
4691,45.0,6870.0
4693,37.0,6692.0
4695,10.0,1499.0
4697,29.0,3143.0
4699,8.0,1084.0
4701,291.0,46085.0
4703,253.0,45719.0
4705,10.0,1703.0
4707,9.0,1510.0
4709,15.0,2821.0
4711,88.0,15920.0
4713,12.0,1676.0
4715,58.0,8553.0
4717,32.0,4386.0
4719,111.0,20430.0
4721,9.0,1323.0
4723,152.0,27370.0
4725,285.0,50700.0
4727,12.0,1992.0
4729,8.0,1247.0
4731,23.0,3896.0
4733,1669.0,286389.0
4735,15.0,2583.0
4737,17.0,2985.0
4739,29.0,4710.0
4741,65.0,9156.0
4743,125.0,21674.0
4745,36.0,6637.0
4747,9.0,1556.0
4749,54.0,10047.0
4751,159.0,23353.0
4753,74.0,11380.0
4755,43.0,7957.0
4757,5.0,627.0
4759,13.0,2620.0
4761,40.0,6534.0
4763,408.0,63739.0
4765,6.0,773.0
4767,114.0,15758.0
4769,21.0,2643.0
4771,49.0,7846.0
4773,17.0,2749.0
4775,51.0,8738.0
4777,14.0,2043.0
4779,102.0,14742.0
4781,9.0,903.0
4783,21.0,3277.0
4785,66.0,12968.0
4787,56.0,8850.0
4789,88.0,13979.0
4791,81.0,12609.0
4793,43.0,9390.0
4795,52.0,9094.0
4797,12.0,1953.0
4799,425.0,85479.0
4801,23.0,3916.0
4803,6.0,602.0
4805,12.0,2141.0
4807,3.0,312.0
4809,47.0,8950.0
4811,26.0,4237.0
4813,104.0,16092.0
4815,47.0,8022.0
4817,91.0,16370.0
4819,31.0,4377.0
4821,110.0,19356.0
4823,3.0,481.0
4825,5.0,1082.0
4827,22.0,3075.0
4829,14.0,2442.0
4831,19.0,2732.0
4833,12.0,2375.0
4835,110.0,17524.0
4837,17.0,2244.0
4839,43.0,6592.0
4841,29.0,4331.0
4843,24.0,4174.0
4845,18.0,2929.0
4847,16.0,2111.0
4849,3.0,349.0
4851,21.0,3708.0
4853,54.0,11448.0
4855,85.0,14348.0
4857,64.0,8899.0
4859,31.0,4714.0
4861,45.0,5903.0
4863,90.0,15764.0
4865,680.0,90743.0
4867,19.0,2540.0
4869,13.0,2375.0
4871,17.0,2895.0
4873,18.0,3156.0
4875,10.0,1850.0
4877,222.0,32965.0
4879,25.0,3993.0
4881,39.0,7052.0
4883,12.0,2027.0
4885,129.0,19455.0
4887,5.0,749.0
4889,33.0,5824.0
4891,33.0,4449.0
4893,36.0,4791.0
4895,182.0,30463.0
4897,3.0,351.0
4899,40.0,6849.0
4901,25.0,3105.0
4903,64.0,9617.0
4905,71.0,14109.0
4907,7.0,1429.0
4909,12.0,1970.0
4911,87.0,13623.0
4913,7.0,982.0
4915,6.0,821.0
4917,132.0,22440.0
4919,14.0,1894.0
4921,182.0,29787.0
4923,36.0,6513.0
4925,143.0,26184.0
4927,10.0,1778.0
4929,18.0,3431.0
4931,3.0,349.0
4933,34.0,5687.0
4935,29.0,5250.0
4937,38.0,5209.0
4939,183.0,29831.0
4941,217.0,33307.0
4943,43.0,6470.0
4945,35.0,5438.0
4947,70.0,10781.0
4949,3.0,310.0
4951,17.0,2941.0
4953,4.0,553.0
4955,2.0,269.0
4957,233.0,36392.0
4959,217.0,33352.0
4961,268.0,38402.0
4963,28.0,5328.0
4965,20.0,3023.0
4967,6.0,963.0
4969,38.0,7133.0
4971,48.0,9292.0
4973,134.0,22025.0
4975,9.0,1507.0
4977,2.0,342.0
4979,5.0,860.0
4981,17.0,2764.0
4983,18.0,4765.0
4985,106.0,15693.0
4987,15.0,2044.0
4989,12.0,2304.0
4991,16.0,3528.0
4993,14.0,2430.0
4995,62.0,10030.0
4997,36.0,5557.0
4999,8.0,2286.0
5001,2.0,373.0
5003,14.0,2025.0
5005,2.0,351.0
5007,9.0,1320.0
5009,20.0,3809.0
5011,1.0,130.0
5013,13.0,2077.0
5015,29.0,5187.0
5017,9.0,1312.0
5019,16.0,3043.0
5021,17.0,2462.0
5023,378.0,57851.0
5025,36.0,7048.0
5027,63.0,10277.0
5029,147.0,24917.0
5031,51.0,9054.0
5033,8.0,1076.0
5035,322.0,52255.0
5037,25.0,3933.0
5039,56.0,8055.0
5041,223.0,35433.0
5043,43.0,6256.0
5045,74.0,13775.0
5047,28.0,3927.0
5049,385.0,61195.0
5051,1.0,130.0
5053,16.0,2446.0
5055,40.0,5404.0
5057,10.0,1279.0
5059,15.0,2453.0
5061,15.0,2908.0
5063,7.0,1112.0
5065,2.0,212.0
5067,84.0,15403.0
5069,15.0,2080.0
5071,17.0,2176.0
5073,9.0,1370.0
5077,41.0,6113.0
5079,72.0,11505.0
5081,22.0,2855.0
5083,11.0,1833.0
5085,59.0,8669.0
5087,20.0,2845.0
5089,29.0,4400.0
5091,1169.0,210020.0
5093,11.0,2435.0
5095,17.0,2298.0
5097,42.0,5898.0
5099,7.0,1256.0
5101,24.0,4200.0
5103,7.0,693.0
5105,7.0,775.0
5107,22.0,3852.0
5109,35.0,6006.0
5111,43.0,6854.0
5113,35.0,4951.0
5115,69.0,12621.0
5117,8.0,1184.0
5119,10.0,1431.0
5121,10.0,1763.0
5123,10.0,1664.0
5125,16.0,2661.0
5127,15.0,2774.0
5129,39.0,6319.0
5131,25.0,3323.0
5133,362.0,57356.0
5135,39.0,5487.0
5137,63.0,11702.0
5139,77.0,10094.0
5141,13.0,2816.0
5143,162.0,35916.0
5145,9.0,1136.0
5147,14.0,2721.0
5149,22.0,4011.0
5151,47.0,6236.0
5153,26.0,3474.0
5155,967.0,209199.0
5157,12.0,1820.0
5159,17.0,2855.0
5161,13.0,2478.0
5163,66.0,10613.0
5165,16.0,2298.0
5167,14.0,2444.0
5169,6.0,1012.0
5171,10.0,1288.0
5173,11.0,2027.0
5175,8.0,1133.0
5177,15.0,2253.0
5179,23.0,3624.0
5181,1.0,89.0
5183,13.0,2494.0
5185,13.0,1475.0
5187,6.0,1033.0
5189,7.0,1120.0
5191,68.0,8192.0
5193,11.0,1609.0
5195,83.0,12380.0
5197,121.0,19356.0
5199,11.0,1652.0
5201,21.0,4266.0
5203,10.0,1429.0
5205,26.0,3574.0
5207,45.0,6339.0
5209,3.0,699.0
5211,6.0,793.0
5213,113.0,17350.0
5215,15.0,1901.0
5217,9.0,1525.0
5219,32.0,4771.0
5221,204.0,36371.0
5223,3.0,520.0
5225,24.0,4234.0
5227,8.0,1208.0
5229,64.0,9099.0
5231,10.0,2422.0
5233,69.0,15033.0
5235,14.0,2537.0
5237,36.0,4819.0
5239,75.0,10487.0
5241,143.0,20849.0
5243,3.0,383.0
5245,2.0,262.0
5247,91.0,14292.0
5249,282.0,38561.0
5251,22.0,2882.0
5253,34.0,4975.0
5255,44.0,7608.0
5257,95.0,17226.0
5259,10.0,1354.0
5261,12.0,1375.0
5263,12.0,1783.0
5265,10.0,1747.0
5267,13.0,1741.0
5269,18.0,3289.0
5271,3.0,392.0
5273,104.0,14910.0
5275,36.0,6172.0
5277,6.0,773.0
5279,10.0,1432.0
5281,20.0,4047.0
5283,46.0,9414.0
5285,5.0,613.0
5287,16.0,3521.0
5289,18.0,2945.0
5291,91.0,16451.0
5293,182.0,33126.0
5297,2.0,383.0
5299,18.0,2883.0
5301,17.0,3539.0
5303,18.0,3130.0
5305,30.0,4655.0
5307,15.0,2027.0
5309,43.0,8195.0
5311,7.0,1420.0
5313,16.0,2116.0
5315,12.0,1507.0
5317,10.0,1382.0
5319,9.0,1208.0
5321,7.0,1598.0
5323,22.0,3122.0
5325,7.0,1008.0
5329,14.0,2649.0
5331,3.0,385.0
5333,24.0,2463.0
5335,104.0,22688.0
5337,22.0,4095.0
5339,8.0,1505.0
5341,29.0,5508.0
5343,404.0,62225.0
5345,4.0,558.0
5347,23.0,5032.0
5349,8.0,1210.0
5351,16.0,1783.0
5353,21.0,3591.0
5355,4.0,554.0
5357,9.0,1286.0
5359,47.0,6231.0
5361,24.0,4832.0
5363,2.0,359.0
5365,10.0,1711.0
5367,31.0,3943.0
5369,25.0,3622.0
5371,322.0,53546.0
5373,176.0,27425.0
5375,16.0,2022.0
5377,22.0,4312.0
5379,35.0,4895.0
5381,8.0,1037.0
5383,34.0,5127.0
5385,139.0,21435.0
5387,205.0,32415.0
5389,16.0,3594.0
5391,187.0,32406.0
5393,66.0,8795.0
5395,13.0,2069.0
5397,236.0,27362.0
5399,58.0,10825.0
5401,748.0,121086.0
5403,1586.0,237227.0
5405,3.0,450.0
5407,231.0,31504.0
5409,18.0,2521.0
5411,4.0,670.0
5413,184.0,27857.0
5415,136.0,16997.0
5417,62.0,8841.0
5419,80.0,11303.0
5421,4.0,789.0
5423,5.0,950.0
5425,395.0,81118.0
5427,212.0,34419.0
5429,5.0,759.0
5431,32.0,5312.0
5433,29.0,4921.0
5435,10.0,962.0
5437,22.0,2767.0
5439,5.0,621.0
5441,188.0,24202.0
5443,29.0,5189.0
5449,11.0,1887.0
5451,121.0,18605.0
5453,385.0,58629.0
5455,21.0,3165.0
5457,9.0,1092.0
5459,25.0,3630.0
5461,5.0,747.0
5463,6.0,872.0
5465,12.0,2012.0
5467,4.0,531.0
5469,9.0,1401.0
5471,3.0,570.0
5473,13.0,2327.0
5475,18.0,3891.0
5477,16.0,2891.0
5479,33.0,6294.0
5481,36.0,4961.0
5483,5.0,732.0
5485,7.0,951.0
5487,14.0,2302.0
5489,38.0,6414.0
5491,8.0,1512.0
5493,26.0,4067.0
5495,7.0,1109.0
5497,16.0,2090.0
5499,45.0,6299.0
5501,41.0,6499.0
5503,5.0,529.0
5505,28.0,4592.0
5507,3.0,308.0
5509,6.0,789.0
5511,16.0,2406.0
5513,5.0,899.0
5515,7.0,896.0
5517,4.0,652.0
5519,5.0,900.0
5521,17.0,2659.0
5523,4.0,643.0
5525,43.0,7300.0
5527,13.0,2270.0
5529,6.0,1221.0
5531,6.0,834.0
5533,3.0,522.0
5535,3.0,483.0
5537,30.0,7456.0
5539,4.0,570.0
5541,28.0,6024.0
5543,20.0,4606.0
5545,18.0,3059.0
5547,29.0,5955.0
5549,34.0,6430.0
5551,7.0,2122.0
5553,23.0,3604.0
5555,5.0,734.0
5559,2.0,253.0
5561,93.0,17529.0
5563,3.0,264.0
5565,16.0,1956.0
5567,5.0,886.0
5569,9.0,1641.0
5571,11.0,1639.0
5573,24.0,4266.0
5575,1.0,130.0
5577,4.0,934.0
5579,7.0,1353.0
5581,6.0,1018.0
5583,13.0,2825.0
5585,2.0,349.0
5587,6.0,768.0
5589,15.0,2313.0
5591,6.0,1019.0
5593,2.0,178.0
5595,4.0,847.0
5597,1.0,570.0
5599,7.0,1351.0
5601,56.0,8567.0
5603,40.0,5652.0
5605,10.0,1597.0
5607,65.0,12674.0
5609,25.0,3194.0
5611,213.0,34533.0
5613,24.0,3820.0
5615,90.0,12591.0
5617,64.0,9552.0
5619,41.0,6532.0
5621,29.0,3854.0
5623,370.0,60226.0
5625,1172.0,213836.0
5627,43.0,7254.0
5629,192.0,24162.0
5631,58.0,9595.0
5633,13.0,2561.0
5635,6.0,531.0
5637,38.0,6506.0
5639,6.0,1014.0
5641,44.0,6549.0
5643,35.0,6280.0
5645,55.0,8414.0
5647,276.0,40090.0
5649,24.0,3666.0
5651,6.0,861.0
5653,21.0,3096.0
5655,106.0,16356.0
5657,9.0,1431.0
5659,35.0,4507.0
5661,29.0,4763.0
5663,521.0,75856.0
5665,19.0,2696.0
5667,48.0,6164.0
5669,54.0,9534.0
5671,10.0,1620.0
5673,22.0,3040.0
5675,54.0,8355.0
5677,101.0,15363.0
5679,25.0,3421.0
5681,107.0,18197.0
5683,31.0,4637.0
5685,47.0,7515.0
5687,20.0,3002.0
5689,18.0,3088.0
5691,15.0,2041.0
5693,65.0,8895.0
5695,17.0,2345.0
5697,369.0,58225.0
5699,1638.0,289098.0
5701,292.0,55661.0
5703,924.0,155978.0
5705,884.0,175533.0
5707,12.0,1968.0
5709,27.0,3526.0
5711,17.0,2495.0
5713,72.0,11918.0
5715,67.0,9387.0
5717,33.0,5118.0
5719,14.0,2749.0
5721,42.0,4738.0
5723,15.0,2199.0
5725,45.0,6627.0
5727,22.0,2873.0
5729,42.0,5952.0
5731,24.0,3493.0
5733,12.0,1812.0
5735,6.0,643.0
5737,92.0,14933.0
5739,2.0,390.0
5741,10.0,2672.0
5743,21.0,4481.0
5745,2.0,212.0
5747,4.0,978.0
5749,7.0,1377.0
5751,4.0,561.0
5753,1.0,180.0
5755,5.0,880.0
5757,90.0,18490.0
5759,1.0,180.0
5761,6.0,611.0
5763,8.0,1384.0
5765,12.0,2317.0
5767,38.0,6602.0
5769,17.0,2848.0
5771,8.0,1509.0
5773,59.0,9426.0
5775,3.0,620.0
5777,5.0,1051.0
5779,14.0,2478.0
5781,13.0,3341.0
5783,17.0,3296.0
5785,45.0,12856.0
5787,6.0,1259.0
5789,6.0,1218.0
5791,9.0,1494.0
5793,6.0,1313.0
5795,32.0,6043.0
5797,8.0,1583.0
5799,1.0,269.0
5801,519.0,94243.0
5803,388.0,68619.0
5805,213.0,38458.0
5807,372.0,67961.0
5809,26.0,4095.0
5811,68.0,8401.0
5813,517.0,90730.0
5815,141.0,22694.0
5817,41.0,6200.0
5819,1581.0,282933.0
5821,31.0,6063.0
5823,72.0,10942.0
5825,80.0,13434.0
5827,46.0,8547.0
5829,31.0,4530.0
5831,17.0,2924.0
5833,2197.0,328624.0
5835,31.0,5717.0
5837,696.0,120463.0
5839,267.0,38742.0
5841,41.0,4759.0
5843,164.0,22337.0
5845,48.0,7731.0
5847,546.0,95961.0
5849,756.0,120454.0
5851,117.0,23708.0
5853,393.0,59090.0
5855,41.0,7033.0
5857,56.0,9471.0
5859,84.0,15245.0
5861,41.0,6777.0
5863,406.0,60891.0
5865,1088.0,187788.0
5867,341.0,59501.0
5869,2955.0,501914.0
5871,269.0,44935.0
5873,128.0,18357.0
5875,102.0,16547.0
5877,626.0,110782.0
5879,82.0,16101.0
5881,34.0,5164.0
5883,260.0,43278.0
5885,306.0,56734.0
5887,39.0,5384.0
5889,23.0,4678.0
5891,15.0,1798.0
5893,67.0,8386.0
5895,118.0,19247.0
5897,2946.0,470496.0
5899,112.0,18876.0
5901,806.0,127691.0
5903,257.0,46252.0
5905,13.0,1826.0
5907,36.0,5232.0
5909,91.0,12000.0
5911,64.0,9687.0
5913,32.0,4429.0
5915,326.0,50598.0
5917,13.0,2752.0
5919,289.0,51878.0
5921,216.0,37252.0
5923,53.0,8176.0
5925,730.0,141801.0
5927,32.0,5142.0
5929,21.0,2216.0
5931,6.0,1288.0
5933,12.0,1798.0
5935,4.0,1164.0
5937,7.0,1272.0
5939,7.0,1457.0
5941,2.0,310.0
5945,5.0,748.0
5947,7.0,1742.0
5949,9.0,1884.0
5951,1.0,48.0
5953,1.0,82.0
5955,16.0,2508.0
5957,1.0,447.0
5961,2.0,383.0
5963,1.0,180.0
5965,5.0,1108.0
5967,2.0,130.0
5969,23.0,3611.0
5971,9.0,1371.0
5973,3.0,1136.0
5975,20.0,3018.0
5977,2.0,228.0
5979,2.0,455.0
5981,4.0,527.0
5983,14.0,2158.0
5985,3.0,496.0
5987,9.0,1672.0
5989,5.0,1059.0
5993,1.0,91.0
5999,1.0,178.0
6001,15221.0,2443931.0
6003,131.0,29336.0
6005,46.0,6827.0
6007,46.0,6862.0
6009,59.0,10413.0
6011,14.0,1843.0
6013,5.0,783.0
6015,22.0,5126.0
6017,30.0,6125.0
6019,3.0,221.0
6021,6.0,953.0
6023,7.0,1263.0
6025,2.0,294.0
6027,2.0,390.0
6031,14.0,3682.0
6033,2.0,212.0
6035,1.0,89.0
6039,2.0,433.0
6041,8.0,1499.0
6043,1.0,253.0
6045,1.0,178.0
6047,1.0,82.0
6049,2.0,398.0
6051,15.0,2285.0
6053,11.0,1881.0
6055,2.0,219.0
6057,14.0,2708.0
6059,1.0,178.0
6061,1.0,179.0
6063,7.0,1339.0
6065,6.0,1337.0
6067,3.0,438.0
6069,13.0,2606.0
6071,34.0,5964.0
6073,5.0,1042.0
6077,4.0,807.0
6079,25.0,3563.0
6081,11.0,1802.0
6083,34.0,6177.0
6085,60.0,11404.0
6087,2.0,274.0
6101,37.0,4434.0
6103,9.0,2415.0
6105,59.0,10444.0
6107,9.0,1715.0
6109,23.0,3325.0
6111,3.0,482.0
6113,60.0,8903.0
6115,7.0,1036.0
6117,13.0,1709.0
6119,47.0,9798.0
6121,9.0,1581.0
6123,6.0,928.0
6125,90.0,16114.0
6127,14.0,3447.0
6129,9.0,1432.0
6131,308.0,55415.0
6133,70.0,11062.0
6135,7.0,896.0
6137,79.0,11874.0
6139,6.0,1701.0
6141,176.0,31208.0
6143,40.0,5329.0
6145,21.0,4365.0
6147,7.0,1074.0
6149,37.0,5419.0
6151,22.0,3014.0
6153,102.0,17268.0
6155,432.0,71481.0
6157,48.0,7372.0
6159,10.0,1744.0
6161,25.0,4445.0
6163,496.0,80570.0
6165,375.0,70196.0
6167,15.0,2374.0
6169,9.0,1572.0
6171,38.0,6019.0
6173,16.0,2226.0
6175,115.0,15543.0
6177,215.0,32235.0
6179,151.0,24531.0
6181,195.0,31154.0
6183,12.0,1096.0
6185,19.0,3216.0
6187,56.0,9593.0
6189,219.0,35310.0
6191,11.0,1696.0
6193,3.0,539.0
6195,7.0,961.0
6197,17.0,1706.0
6199,19.0,3356.0
6201,14.0,2258.0
6203,50.0,9157.0
6205,73.0,13962.0
6207,26.0,3668.0
6209,246.0,44856.0
6211,154.0,31493.0
6213,911.0,149652.0
6215,55.0,7038.0
6217,116.0,20431.0
6219,920.0,158874.0
6221,164.0,29968.0
6223,3.0,626.0
6225,36.0,7174.0
6227,11.0,1801.0
6229,167.0,25085.0
6231,80.0,11522.0
6233,86.0,16090.0
6235,18.0,3213.0
6237,35.0,6512.0
6239,111.0,16645.0
6241,86.0,12849.0
6243,2.0,212.0
6245,13.0,2311.0
6247,27.0,4653.0
6249,254.0,41412.0
6251,331.0,49943.0
6255,23.0,4191.0
6257,48.0,7681.0
6259,28.0,3973.0
6261,117.0,25115.0
6263,54.0,9201.0
6265,8.0,1369.0
6267,7.0,1128.0
6269,117.0,19686.0
6271,111.0,15688.0
6273,55.0,11649.0
6275,54.0,11212.0
6277,41.0,5693.0
6279,11.0,1866.0
6281,130.0,19381.0
6283,17.0,2468.0
6285,689.0,145830.0
6287,61.0,12373.0
6289,46.0,8227.0
6291,2959.0,507081.0
6293,168.0,32293.0
6295,60.0,8970.0
6297,11.0,1573.0
6299,23.0,3508.0
6301,47.0,6435.0
6303,8.0,996.0
6305,164.0,26003.0
6307,48.0,9251.0
6309,222.0,44058.0
6311,315.0,47024.0
6313,2041.0,383434.0
6315,17.0,2231.0
6317,84.0,14843.0
6319,1.0,253.0
6321,26.0,3838.0
6323,101.0,15618.0
6325,12.0,2800.0
6327,12.0,2478.0
6329,47.0,7138.0
6343,30.0,4684.0
6477,2989.0,441245.0
6507,95.0,15162.0
6569,191.0,27644.0
6909,22.0,3906.0
7019,30.0,4886.0
7099,1608.0,304833.0
7107,35630.0,5557356.0
7247,11.0,2146.0
7295,3.0,440.0
7297,99.0,19701.0
7299,15.0,3420.0
7301,11.0,2349.0
7303,13.0,2457.0
7307,5.0,999.0
7309,7.0,1146.0
7311,3.0,435.0
7313,4.0,898.0
7315,7.0,1754.0
7317,10.0,1902.0
7319,5.0,1106.0
7321,4.0,433.0
7323,11.0,1704.0
7325,50.0,7772.0
7327,19.0,3418.0
7329,19.0,2777.0
7331,1.0,91.0
7333,51.0,9955.0
7335,8.0,1368.0
7337,7.0,1196.0
7339,5.0,786.0
7341,57.0,9262.0
7343,3.0,506.0
7345,12.0,2402.0
7347,1.0,41.0
7349,3.0,399.0
7351,4.0,620.0
7353,7.0,857.0
7355,1.0,446.0
7357,3.0,433.0
7359,1.0,180.0
7361,5.0,621.0
7363,8.0,1370.0
7367,8.0,1111.0
7369,2.0,342.0
7371,35.0,7568.0
7373,27.0,5245.0
7375,24.0,3662.0
7377,1.0,178.0
7379,67.0,12622.0
7381,27.0,5247.0
7383,2.0,219.0
7385,14.0,2480.0
7387,1.0,700.0
7389,12.0,1658.0
7391,29.0,5697.0
7393,10.0,1714.0
7395,2.0,1070.0
7397,18.0,2495.0
7401,21.0,3874.0
7403,4.0,563.0
7405,48.0,8124.0
7407,248.0,38764.0
7409,34.0,5352.0
7411,42.0,6886.0
7413,24.0,3112.0
7415,45.0,7088.0
7417,27.0,3858.0
7419,41.0,6968.0
7421,39.0,5420.0
7423,21.0,2623.0
7425,180.0,26203.0
7427,274.0,41939.0
7429,61.0,8278.0
7431,12.0,1580.0
7433,26.0,3904.0
7435,406.0,77687.0
7437,38.0,5470.0
7439,49.0,6954.0
7441,5.0,1034.0
7443,47.0,8179.0
7445,56.0,6519.0
7447,41.0,5756.0
7449,43.0,6817.0
7451,4.0,782.0
7453,38.0,6995.0
7455,55.0,7027.0
7457,10.0,1563.0
7459,66.0,12159.0
7461,8.0,1321.0
7463,21.0,3009.0
7465,4.0,536.0
7467,16.0,2735.0
7469,145.0,27828.0
7471,288.0,50280.0
7473,17.0,3116.0
7475,63.0,9382.0
7477,147.0,28687.0
7479,30.0,6463.0
7481,228.0,36832.0
7483,294.0,46169.0
7485,28.0,3801.0
7487,39.0,6039.0
7489,58.0,10129.0
7491,11.0,1703.0
7493,718.0,102151.0
7495,185.0,31460.0
7497,31.0,4985.0
7499,39.0,5963.0
7501,26.0,3611.0
7503,75.0,12908.0
7505,121.0,18802.0
7507,50.0,6363.0
7509,38.0,5041.0
7511,77.0,11271.0
7513,749.0,127373.0
7515,24.0,3335.0
7517,10.0,1245.0
7519,9.0,1315.0
7521,28.0,3641.0
7523,39.0,5737.0
7525,52.0,5749.0
7527,78.0,12742.0
7529,40.0,5956.0
7531,17.0,2915.0
7533,14.0,1751.0
7535,2861.0,439912.0
7537,38.0,5721.0
7539,4.0,658.0
7541,49.0,7896.0
7543,18.0,2542.0
7545,24.0,3606.0
7547,51.0,8253.0
7549,35.0,5329.0
7551,15.0,2217.0
7553,5.0,684.0
7555,8.0,896.0
7557,114.0,24810.0
7559,5.0,872.0
7561,9.0,1026.0
7563,724.0,113003.0
7565,140.0,18669.0
7567,84.0,14007.0
7569,126.0,22426.0
7571,39.0,5787.0
7573,17.0,2454.0
7575,6.0,953.0
7577,11.0,2348.0
7579,37.0,5129.0
7581,22.0,2869.0
7583,445.0,65865.0
7585,20.0,3629.0
7587,129.0,19878.0
7589,26.0,3123.0
7591,136.0,24626.0
7593,19.0,2893.0
7595,10.0,1240.0
7597,46.0,5943.0
7599,13.0,1185.0
7601,10.0,1412.0
7603,10.0,1254.0
7605,32.0,4922.0
7607,169.0,25897.0
7609,15.0,2203.0
7611,9.0,1095.0
7613,7.0,1158.0
7615,2.0,476.0
7617,38.0,4497.0
7619,18.0,3522.0
7621,23.0,3613.0
7623,26.0,2879.0
7625,5.0,967.0
7627,5.0,597.0
7629,131.0,23545.0
7631,52.0,8036.0
7633,65.0,8450.0
7635,55.0,8365.0
7637,9.0,1001.0
7639,7.0,957.0
7641,31.0,5557.0
7643,23.0,3232.0
7645,2.0,449.0
7647,54.0,8639.0
7649,28.0,3857.0
7651,5.0,734.0
7653,27.0,5321.0
7655,12.0,2326.0
7657,147.0,22221.0
7659,40.0,5375.0
7661,3.0,303.0
7663,30.0,3733.0
7665,15.0,2721.0
7667,1378.0,274921.0
7669,14.0,2782.0
7671,19.0,3882.0
7673,37.0,5717.0
7675,54.0,7553.0
7677,60.0,8565.0
7679,48.0,8558.0
7681,37.0,6449.0
7683,105.0,17154.0
7685,11.0,1499.0
7687,85.0,15281.0
7689,40.0,6037.0
7691,677.0,114553.0
7693,7.0,830.0
7695,67.0,11289.0
7697,12.0,1778.0
7699,33.0,4753.0
7701,108.0,18004.0
7703,5.0,1194.0
7705,11.0,1777.0
7707,79.0,13400.0
7709,51.0,8287.0
7711,4.0,401.0
7713,5.0,734.0
7715,5.0,467.0
7717,13.0,1982.0
7719,37.0,5924.0
7721,75.0,10893.0
7723,10.0,1076.0
7725,41.0,5833.0
7727,66.0,10545.0
7729,5.0,766.0
7731,152.0,31112.0
7733,274.0,33948.0
7735,43.0,5421.0
7737,30.0,4819.0
7739,53.0,7377.0
7741,18.0,2967.0
7743,13.0,2174.0
7745,270.0,42666.0
7747,10.0,1292.0
7749,190.0,29352.0
7751,220.0,28923.0
7753,5.0,1202.0
7755,1.0,82.0
7757,45.0,7671.0
7759,8.0,629.0
7761,30.0,4778.0
7763,19.0,3319.0
7765,61.0,7356.0
7767,49.0,6118.0
7769,410.0,77887.0
7771,96.0,12240.0
7773,22.0,2773.0
7775,35.0,5375.0
7777,587.0,95336.0
7779,51.0,10110.0
7781,6.0,959.0
7783,11.0,1438.0
7785,4.0,390.0
7787,9.0,1279.0
7789,15.0,2299.0
7791,85.0,11616.0
7793,16.0,2503.0
7795,33.0,4600.0
7797,21.0,2613.0
7799,13.0,1738.0
7801,14.0,1572.0
7803,6.0,700.0
7805,18.0,2691.0
7807,35.0,4994.0
7809,3.0,479.0
7811,68.0,10973.0
7813,37.0,6262.0
7815,48.0,8309.0
7817,20.0,2724.0
7819,6.0,983.0
7821,160.0,23140.0
7823,62.0,11179.0
7825,168.0,24741.0
7827,38.0,4082.0
7829,50.0,8437.0
7831,25.0,4937.0
7833,11.0,1443.0
7835,14.0,2146.0
7837,35.0,4217.0
7839,10.0,2197.0
7841,5.0,659.0
7843,11.0,1334.0
7845,22.0,3439.0
7847,2.0,271.0
7849,9.0,1197.0
7851,19.0,2305.0
7853,59.0,8710.0
7855,14.0,1384.0
7857,44.0,6549.0
7859,134.0,21288.0
7861,11.0,1614.0
7865,5.0,595.0
7867,12.0,2338.0
7869,6.0,787.0
7871,19.0,2365.0
7873,28.0,4355.0
7875,33.0,4999.0
7877,7.0,643.0
7879,10.0,1830.0
7881,12.0,1546.0
7883,13.0,1678.0
7885,742.0,130251.0
7887,56.0,9270.0
7889,69.0,10613.0
7891,26.0,4684.0
7893,1.0,130.0
7895,21.0,3739.0
7897,17.0,3342.0
7899,16.0,2421.0
7901,40.0,6199.0
7903,6.0,1104.0
7905,26.0,4107.0
7907,40.0,6576.0
7909,16.0,2779.0
7911,35.0,6059.0
7913,38.0,5867.0
7915,88.0,13998.0
7917,19.0,3472.0
7919,24.0,3891.0
7921,27.0,3075.0
7923,78.0,14661.0
7925,65.0,11902.0
7927,203.0,31701.0
7929,15.0,2443.0
7931,15.0,2303.0
7933,104.0,18588.0
7935,202.0,32742.0
7937,150.0,20892.0
7939,6.0,1228.0
7941,21.0,3597.0
7943,44.0,7659.0
7945,12.0,2142.0
7947,24.0,3596.0
7949,4.0,773.0
7951,29.0,4423.0
7953,64.0,9792.0
7955,87.0,11420.0
7957,38.0,5285.0
7959,14.0,2807.0
7961,11.0,1315.0
7963,76.0,10841.0
7965,40.0,5418.0
7967,18.0,3313.0
7969,13.0,1308.0
7971,62.0,8431.0
7973,12.0,1610.0
7975,20.0,2885.0
7977,42.0,7410.0
7979,17.0,2233.0
7981,51.0,8812.0
7983,16.0,3171.0
7985,78.0,11388.0
7987,36.0,6039.0
7989,28.0,4276.0
7991,14.0,2867.0
7993,13.0,1775.0
7995,21.0,3091.0
7997,37.0,6706.0
7999,10.0,1409.0
8001,138.0,24531.0
8003,7.0,1541.0
8005,2.0,260.0
8007,3.0,294.0
8009,36.0,6140.0
8011,2.0,334.0
8013,9.0,1405.0
8015,14.0,3342.0
8019,37.0,7101.0
8021,2.0,262.0
8023,18.0,3559.0
8025,88.0,17524.0
8027,75.0,11217.0
8029,18.0,2920.0
8031,2.0,219.0
8033,4.0,661.0
8037,5.0,752.0
8039,91.0,15407.0
8041,64.0,12980.0
8043,8.0,1515.0
8045,197.0,41464.0
8047,472.0,93284.0
8049,48.0,10190.0
8051,3.0,611.0
8053,43.0,6729.0
8055,252.0,52887.0
8057,181.0,27553.0
8059,25.0,4634.0
8061,156.0,25772.0
8063,17.0,3030.0
8065,7.0,763.0
8067,67.0,13579.0
8069,28.0,4397.0
8071,37.0,7967.0
8073,105.0,17010.0
8075,21.0,3341.0
8077,25.0,4607.0
8079,32.0,6647.0
8081,403.0,58459.0
8083,82.0,12879.0
8085,24.0,3867.0
8087,24.0,3724.0
8089,352.0,75556.0
8091,9.0,1456.0
8093,150.0,23116.0
8095,10.0,1453.0
8097,36.0,6785.0
8099,2.0,569.0
8101,2.0,123.0
8103,20.0,3986.0
8105,947.0,152033.0
8107,149.0,27363.0
8109,18.0,3898.0
8111,19.0,3480.0
8113,67.0,11695.0
8115,63.0,11728.0
8117,86.0,14206.0
8119,8.0,1521.0
8121,18.0,2820.0
8123,31.0,4981.0
8125,4.0,561.0
8127,123.0,20887.0
8129,9.0,1533.0
8131,49.0,11102.0
8133,5.0,1133.0
8135,22.0,3932.0
8137,105.0,21430.0
8139,34.0,7722.0
8141,18.0,3125.0
8143,119.0,21176.0
8145,5.0,561.0
8147,67.0,13902.0
8151,10.0,1875.0
8153,10.0,1488.0
8155,20.0,3338.0
8157,7.0,855.0
8159,24.0,4276.0
8161,491.0,91185.0
8163,92.0,16546.0
8165,11.0,2442.0
8167,23.0,3555.0
8169,5.0,877.0
8171,25.0,3396.0
8173,35.0,6327.0
8175,225.0,41218.0
8177,55.0,9901.0
8179,748.0,139498.0
8183,602.0,105105.0
8185,53.0,7223.0
8187,2.0,528.0
8189,33.0,7296.0
8191,83.0,13230.0
8193,5.0,842.0
8195,4.0,888.0
8197,12.0,2086.0
8199,72.0,11416.0
8201,5.0,1812.0
8203,9.0,1222.0
8205,35.0,6728.0
8207,15.0,2664.0
8209,9.0,1240.0
8211,19.0,4441.0
8213,4.0,697.0
8215,13.0,1970.0
8217,39.0,7090.0
8219,14.0,3050.0
8221,267.0,46031.0
8223,9.0,1735.0
8225,26.0,5325.0
8227,26.0,5185.0
8229,57.0,11302.0
8231,10.0,2373.0
8233,258.0,45173.0
8235,35.0,6631.0
8237,30.0,5227.0
8239,21.0,3420.0
8241,13.0,2208.0
8243,2.0,424.0
8245,68.0,15410.0
8249,1.0,219.0
8251,62.0,12030.0
8253,13.0,1721.0
8255,9.0,1279.0
8257,5.0,784.0
8259,9.0,1972.0
8261,7.0,1000.0
8263,34.0,6867.0
8265,37.0,6842.0
8267,30.0,4709.0
8269,11.0,2136.0
8271,21.0,4151.0
8273,2.0,255.0
8275,22.0,5596.0
8279,29.0,5448.0
8283,18.0,4048.0
8285,3.0,506.0
8287,2.0,212.0
8289,6.0,1263.0
8291,115.0,22167.0
8295,41.0,6605.0
8297,4.0,474.0
8299,13.0,1657.0
8301,6.0,843.0
8303,5.0,1182.0
8305,72.0,13639.0
8307,1.0,357.0
8309,28.0,4976.0
8311,109.0,19299.0
8313,4.0,612.0
8315,20.0,2771.0
8317,15.0,1977.0
8319,49.0,7709.0
8321,50.0,8374.0
8323,10.0,2833.0
8325,95.0,19001.0
8327,352.0,69290.0
8329,25.0,3817.0
8331,17.0,2917.0
8333,48.0,7648.0
8335,23.0,5397.0
8337,1.0,269.0
8339,72.0,12963.0
8341,10.0,2196.0
8343,19.0,2999.0
8345,36.0,5872.0
8347,30.0,5411.0
8349,69.0,11687.0
8351,18.0,2784.0
8353,37.0,6615.0
8355,118.0,25849.0
8357,30.0,4335.0
8359,85.0,16072.0
8361,5.0,1488.0
8363,4.0,693.0
8365,5.0,857.0
8367,176.0,34216.0
8369,13.0,2534.0
8371,21.0,5081.0
8373,50.0,9144.0
8375,5.0,889.0
8377,5.0,937.0
8379,61.0,8996.0
8381,5.0,1220.0
8383,49.0,6663.0
8385,1.0,48.0
8387,45.0,6298.0
8389,32.0,6102.0
8391,18.0,3943.0
8393,27.0,6171.0
8395,59.0,10110.0
8397,19.0,3046.0
8399,9.0,1530.0
8401,6.0,1166.0
8403,4.0,513.0
8405,3.0,496.0
8407,16.0,3034.0
8409,16.0,2601.0
8413,10.0,2109.0
8415,6.0,930.0
8417,12.0,2191.0
8419,12.0,1320.0
8421,15.0,3009.0
8423,226.0,53777.0
8425,10.0,1951.0
8427,2.0,262.0
8429,15.0,2119.0
8431,13.0,3475.0
8433,93.0,24560.0
8435,9.0,1493.0
8437,9.0,1559.0
8439,3.0,487.0
8441,3.0,969.0
8443,67.0,14463.0
8445,15.0,3065.0
8447,6.0,718.0
8449,3.0,528.0
8451,16.0,2273.0
8453,26.0,3688.0
8455,16.0,2296.0
8457,32.0,5895.0
8459,6.0,768.0
8461,38.0,6467.0
8463,38.0,6562.0
8465,6.0,857.0
8467,40.0,4307.0
8469,34.0,5895.0
8471,16.0,2612.0
8473,10.0,1297.0
8475,21.0,3005.0
8477,8.0,1085.0
8479,7.0,881.0
8481,39.0,5753.0
8483,12.0,1742.0
8489,23.0,4829.0
8491,6.0,1153.0
8493,13.0,2278.0
8495,4.0,746.0
8497,10.0,1818.0
8499,5.0,465.0
8501,78.0,12065.0
8503,26.0,4192.0
8505,20.0,2703.0
8507,117.0,18763.0
8509,19.0,2783.0
8511,726.0,145549.0
8513,2.0,557.0
8515,42.0,8967.0
8517,4.0,805.0
8519,40.0,7894.0
8521,53.0,11200.0
8523,28.0,5762.0
8525,54.0,7613.0
8527,22.0,4716.0
8529,12.0,2095.0
8531,812.0,155654.0
8533,12.0,2026.0
8535,30.0,4997.0
8537,56.0,10759.0
8539,14.0,1726.0
8541,222.0,43410.0
8543,5.0,1108.0
8545,184.0,40220.0
8547,66.0,11063.0
8549,6.0,850.0
8551,17.0,2608.0
8553,97.0,18017.0
8555,105.0,16571.0
8557,102.0,20109.0
8559,326.0,59813.0
8561,378.0,77520.0
8563,19.0,3476.0
8565,14.0,1909.0
8567,13.0,2267.0
8569,218.0,40355.0
8571,21.0,3873.0
8573,6.0,968.0
8575,14.0,2388.0
8577,57.0,9374.0
8579,60.0,10237.0
8581,109.0,17072.0
8583,3.0,697.0
8585,225.0,48982.0
8587,156.0,22681.0
8589,1200.0,236475.0
8591,174.0,31835.0
8593,20.0,3722.0
8595,13.0,2399.0
8597,27.0,4343.0
8599,1526.0,298542.0
8601,22.0,4647.0
8603,15.0,2606.0
8605,8.0,1077.0
8607,5.0,1069.0
8609,7.0,1017.0
8611,27.0,4988.0
8613,30.0,3920.0
8615,87.0,16380.0
8617,27.0,4400.0
8619,165.0,28738.0
8621,33.0,5904.0
8625,30.0,6359.0
8627,18.0,3297.0
8629,187.0,34018.0
8631,20.0,2956.0
8633,56.0,10419.0
8635,47.0,6781.0
8637,195.0,31669.0
8639,39.0,6785.0
8641,15.0,1979.0
8643,26.0,4212.0
8645,2.0,342.0
8647,58.0,10720.0
8649,93.0,15291.0
8651,312.0,68840.0
8653,92.0,19366.0
8655,263.0,56276.0
8657,36.0,6860.0
8659,16.0,2981.0
8661,46.0,8036.0
8663,51.0,9271.0
8665,26.0,4408.0
8667,81.0,16732.0
8669,30.0,5317.0
8671,10.0,2155.0
8673,46.0,8277.0
8675,17.0,3863.0
8677,14.0,2424.0
8679,157.0,29412.0
8681,70.0,15295.0
8683,1082.0,220884.0
8685,332.0,56468.0
8687,39.0,6286.0
8689,27.0,5369.0
8691,30.0,6304.0
8693,103.0,24350.0
8695,7.0,877.0
8697,14.0,2631.0
8699,12.0,2971.0
8701,16.0,2933.0
8703,41.0,6955.0
8705,282.0,47632.0
8707,4.0,889.0
8709,16.0,3144.0
8711,46.0,8648.0
8713,99.0,17680.0
8715,4.0,563.0
8717,17.0,2910.0
8719,3.0,554.0
8721,109.0,19622.0
8723,37.0,5968.0
8725,43.0,8239.0
8727,153.0,29622.0
8729,245.0,46903.0
8731,15.0,3313.0
8733,13.0,2048.0
8735,12.0,1742.0
8737,82.0,13713.0
8739,3.0,1429.0
8743,7.0,917.0
8745,14.0,2354.0
8747,27.0,4821.0
8749,237.0,50179.0
8751,47.0,10278.0
8753,12.0,2976.0
8755,48.0,9395.0
8757,63.0,9548.0
8759,8.0,1090.0
8761,8.0,1614.0
8763,2.0,578.0
8765,20.0,3283.0
8767,11.0,1622.0
8769,68.0,14511.0
8771,839.0,159969.0
8773,209.0,47190.0
8775,7.0,1170.0
8777,156.0,26827.0
8779,30.0,5975.0
8781,82.0,15619.0
8783,6.0,848.0
8785,858.0,168496.0
8787,32.0,5425.0
8789,6.0,830.0
8791,829.0,156150.0
8793,94.0,16703.0
8795,43.0,6685.0
8797,38.0,6405.0
8799,140.0,26827.0
8801,7436.0,1716268.0
8803,10.0,1745.0
8805,30.0,4716.0
8807,5.0,1408.0
8809,49.0,7663.0
8811,118.0,29963.0
8813,80.0,13971.0
8815,540.0,97995.0
8817,273.0,44761.0
8819,42.0,9622.0
8821,10.0,1936.0
8823,42.0,5848.0
8825,41.0,7027.0
8827,10.0,1495.0
8829,14.0,2158.0
8831,337.0,60648.0
8833,7.0,1263.0
8835,17.0,3236.0
8837,26.0,5082.0
8839,588.0,97066.0
8841,863.0,166806.0
8843,32.0,4519.0
8845,380.0,68912.0
8847,171.0,28009.0
8849,90.0,15410.0
8851,155.0,26265.0
8853,432.0,81910.0
8855,227.0,42603.0
8857,74.0,15818.0
8859,52.0,8236.0
8861,43.0,6504.0
8863,117.0,19704.0
8865,69.0,10866.0
8867,91.0,16291.0
8869,243.0,40641.0
8871,88.0,19567.0
8873,53.0,9154.0
8875,11.0,1430.0
8877,1050.0,234016.0
8879,108.0,19422.0
8881,84.0,13047.0
8883,43.0,8698.0
8885,3.0,390.0
8887,62.0,11303.0
8889,12.0,1838.0
8891,80.0,14570.0
8893,77.0,15878.0
8895,73.0,11008.0
8897,4.0,383.0
8899,286.0,57754.0
8901,426.0,75809.0
8903,119.0,24045.0
8905,60.0,10546.0
8907,6.0,1146.0
8909,27.0,6033.0
8911,12.0,2314.0
8913,3.0,520.0
8915,186.0,41530.0
8917,46.0,8744.0
8919,242.0,40281.0
8921,83.0,16370.0
8923,20.0,3912.0
8925,22.0,2924.0
8927,106.0,19257.0
8929,154.0,25629.0
8931,78.0,18060.0
8933,141.0,27416.0
8935,184.0,41116.0
8937,37.0,6660.0
8939,83.0,15104.0
8941,78.0,14513.0
8943,77.0,14787.0
8945,9.0,1450.0
8947,176.0,31926.0
8949,20.0,3567.0
8951,542.0,116548.0
8953,408.0,75436.0
8955,262.0,40868.0
8957,99.0,13556.0
8959,38.0,8650.0
8961,5.0,739.0
8963,1105.0,230833.0
8965,21.0,4150.0
8967,81.0,17701.0
8969,1.0,41.0
8971,26.0,6033.0
8973,113.0,19951.0
8975,85.0,15763.0
8977,2.0,360.0
8979,75.0,11015.0
8981,4.0,595.0
8983,38.0,6187.0
8985,284.0,43380.0
8987,153.0,25441.0
8989,34.0,5227.0
8991,8.0,1245.0
8993,30.0,4897.0
8995,16.0,2729.0
8997,4.0,889.0
8999,124.0,17247.0
9001,16.0,2787.0
9003,101.0,21601.0
9005,42.0,5913.0
9007,59.0,10533.0
9009,58.0,9288.0
9011,158.0,29638.0
9013,85.0,15510.0
9015,27.0,3669.0
9017,12.0,2112.0
9019,171.0,30506.0
9021,68.0,12513.0
9023,4.0,716.0
9025,32.0,4615.0
9027,51.0,7621.0
9029,23.0,3678.0
9031,18.0,2937.0
9033,82.0,13515.0
9035,255.0,40258.0
9037,101.0,15746.0
9039,64.0,11019.0
9041,58.0,9245.0
9043,43.0,8222.0
9045,54.0,9594.0
9047,477.0,81119.0
9049,42.0,7705.0
9051,3418.0,573746.0
9053,19.0,2900.0
9055,57.0,11562.0
9057,67.0,12341.0
9059,97.0,16588.0
9061,12.0,2366.0
9063,310.0,53694.0
9065,124.0,18165.0
9067,2158.0,294524.0
9069,72.0,12132.0
9071,39.0,7380.0
9073,701.0,133735.0
9075,52.0,6970.0
9077,12.0,1992.0
9079,13.0,2151.0
9081,60.0,10703.0
9083,59.0,8166.0
9085,50.0,8318.0
9087,18.0,2809.0
9089,13.0,2161.0
9091,38.0,6184.0
9093,26.0,3829.0
9095,93.0,15988.0
9097,11.0,1844.0
9099,43.0,6340.0
9101,9.0,1434.0
9103,55.0,9648.0
9105,6.0,853.0
9107,41.0,5320.0
9109,25.0,3966.0
9111,132.0,27737.0
9113,144.0,20540.0
9115,39.0,5830.0
9117,83.0,16708.0
9119,24.0,5256.0
9121,38.0,6531.0
9123,229.0,38220.0
9125,144.0,23488.0
9127,38.0,8159.0
9129,181.0,29115.0
9131,212.0,31732.0
9133,3.0,659.0
9135,1.0,91.0
9137,22.0,2954.0
9139,136.0,31554.0
9141,63.0,10782.0
9143,90.0,15116.0
9145,15.0,3551.0
9147,109.0,19914.0
9149,19.0,3069.0
9151,777.0,112156.0
9153,79.0,12917.0
9155,50.0,7795.0
9157,288.0,47822.0
9159,33.0,4091.0
9161,8.0,1088.0
9163,8.0,1053.0
9165,387.0,61518.0
9167,1751.0,290566.0
9169,53.0,9082.0
9171,48.0,8500.0
9173,47.0,7618.0
9175,27.0,3233.0
9177,177.0,27145.0
9179,49.0,7195.0
9181,63.0,9250.0
9183,11.0,1655.0
9185,124.0,20800.0
9187,14.0,1931.0
9189,24.0,3668.0
9191,37.0,4622.0
9193,45.0,7400.0
9195,28.0,4030.0
9197,15.0,2467.0
9199,68.0,10924.0
9201,48.0,6814.0
9203,15.0,2513.0
9205,124.0,24008.0
9209,5.0,903.0
9211,30.0,4254.0
9215,19.0,2470.0
9217,19.0,2737.0
9221,596.0,76061.0
9223,4.0,819.0
9225,94.0,13031.0
9227,978.0,123612.0
9229,24.0,3874.0
9231,3.0,454.0
9233,165.0,30306.0
9235,45.0,8445.0
9249,21.0,2640.0
9251,7.0,828.0
9255,30.0,4135.0
9261,8.0,951.0
9263,59.0,10103.0
9265,81.0,15340.0
9267,14.0,2364.0
9269,92.0,13934.0
9271,13.0,1580.0
9275,16.0,2351.0
9277,13.0,2278.0
9279,41.0,7059.0
9281,35.0,6135.0
9283,9.0,1433.0
9285,23.0,2824.0
9287,41.0,6321.0
9289,328.0,40601.0
9291,33.0,6795.0
9293,36.0,4405.0
9295,11.0,1217.0
9297,47.0,7405.0
9299,37.0,6216.0
9301,155.0,25428.0
9303,19.0,2829.0
9305,17.0,2818.0
9307,51.0,8262.0
9309,38.0,6221.0
9315,10.0,1519.0
9317,69.0,9699.0
9319,20.0,3014.0
9325,271.0,44769.0
9327,10.0,1521.0
9329,40.0,5936.0
9331,36.0,5907.0
9333,3.0,424.0
9335,19.0,2797.0
9337,4.0,718.0
9339,6.0,1026.0
9343,6.0,862.0
9349,54.0,8048.0
9351,1.0,219.0
9353,80.0,14332.0
9357,34.0,4564.0
9359,26.0,3451.0
9361,423.0,67082.0
9363,41.0,5586.0
9367,53.0,6853.0
9369,8.0,1125.0
9371,161.0,25433.0
9373,2344.0,343644.0
9375,143.0,22631.0
9377,57.0,9427.0
9379,86.0,13608.0
9381,86.0,12580.0
9383,10.0,2206.0
9387,10.0,1546.0
9389,47.0,7537.0
9391,8.0,917.0
9393,52.0,7586.0
9395,176.0,26768.0
9397,81.0,13009.0
9399,14.0,1853.0
9401,12.0,2027.0
9403,366.0,54187.0
9407,8.0,1042.0
9411,15.0,1999.0
9413,33.0,3372.0
9415,27.0,4089.0
9419,77.0,12393.0
9421,14.0,2250.0
9423,26.0,4229.0
9425,326.0,49163.0
9427,4.0,531.0
9429,24.0,3557.0
9431,108.0,18209.0
9433,202.0,33374.0
9435,6.0,961.0
9437,5.0,513.0
9439,47.0,7008.0
9443,81.0,12359.0
9445,778.0,113937.0
9447,10.0,1266.0
9449,59.0,8470.0
9451,24.0,4184.0
9453,24.0,4259.0
9455,28.0,4219.0
9457,46.0,6441.0
9459,222.0,38138.0
9465,6.0,1260.0
9467,32.0,4396.0
9471,11.0,1532.0
9473,88.0,14495.0
9475,25.0,3369.0
9477,107.0,19923.0
9479,6.0,985.0
9485,16.0,2398.0
9487,81.0,11918.0
9489,60.0,7654.0
9491,7.0,1557.0
9493,3.0,483.0
9495,11.0,1809.0
9497,90.0,17895.0
9501,6.0,746.0
9503,27.0,3541.0
9505,9.0,1334.0
9507,13.0,1917.0
9509,57.0,9584.0
9511,31.0,4458.0
9513,3.0,356.0
9515,10.0,1399.0
9517,3.0,570.0
9523,33.0,5348.0
9531,2.0,349.0
9535,9.0,1622.0
9539,28.0,4495.0
9541,35.0,5074.0
9543,69.0,11367.0
9545,203.0,29878.0
9549,59.0,8303.0
9555,103.0,15763.0
9557,7.0,1148.0
9561,110.0,17265.0
9563,98.0,14134.0
9565,29.0,5244.0
9567,5.0,499.0
9571,647.0,103809.0
9573,32.0,4074.0
9575,27.0,3788.0
9577,24.0,3857.0
9579,13.0,1853.0
9581,99.0,14042.0
9583,20.0,3190.0
9585,8.0,1072.0
9587,4.0,752.0
9589,41.0,6728.0
9591,50.0,7528.0
9593,20.0,3412.0
9595,348.0,55525.0
9597,57.0,8346.0
9599,98.0,15394.0
9601,74.0,10222.0
9605,74.0,11337.0
9607,23.0,3752.0
9609,64.0,10571.0
9611,4.0,550.0
9617,10.0,1587.0
9623,13.0,2020.0
9625,330.0,48319.0
9631,13.0,1614.0
9633,63.0,7879.0
9635,29.0,3666.0
9637,8.0,1189.0
9639,6.0,839.0
9641,28.0,4248.0
9645,41.0,5849.0
9647,74.0,11590.0
9651,27.0,4188.0
9653,48.0,7109.0
9655,25.0,3328.0
9657,53.0,8898.0
9661,15.0,1972.0
9669,26.0,3606.0
9671,4.0,732.0
9673,11.0,1574.0
9675,23.0,4159.0
9677,476.0,77310.0
9681,42.0,5384.0
9687,18.0,2986.0
9689,11.0,1427.0
9701,5915.0,1009758.0
9719,25.0,4055.0
9735,11.0,2021.0
9737,15.0,2516.0
9739,47.0,18031.0
9741,18.0,2541.0
9743,22.0,3475.0
9745,5.0,467.0
9747,3.0,446.0
9749,7.0,974.0
9751,15.0,2624.0
9753,481.0,72926.0
9755,65.0,12248.0
9757,42.0,6560.0
9759,29.0,4839.0
9761,3.0,513.0
9763,38.0,5201.0
9765,27.0,3965.0
9767,37.0,5137.0
9769,1.0,260.0
9771,11.0,2309.0
9773,10.0,1261.0
9775,30.0,4104.0
9777,47.0,6796.0
9779,60.0,9717.0
9781,42.0,7327.0
9783,10.0,1144.0
9785,9.0,1506.0
9787,91.0,16284.0
9789,16.0,2697.0
9791,27.0,4556.0
9793,30.0,4209.0
9795,6.0,1228.0
9797,11.0,1987.0
9799,7.0,1422.0
9801,17.0,2707.0
9803,148.0,26175.0
9805,9.0,1670.0
9807,52.0,9408.0
9809,89.0,13268.0
9811,20.0,2900.0
9813,8.0,1319.0
9815,65.0,13862.0
9817,11.0,2190.0
9819,46.0,8097.0
9821,40.0,7449.0
9823,14.0,2733.0
9825,184.0,36926.0
9827,6.0,1120.0
9829,14.0,2766.0
9831,64.0,9036.0
9833,18.0,3683.0
9835,348.0,53085.0
9837,30.0,8591.0
9839,46.0,8109.0
9841,99.0,16601.0
9843,50.0,8500.0
9845,13.0,2531.0
9847,60.0,10224.0
9849,17.0,6154.0
9851,26.0,5147.0
9853,37.0,6615.0
9855,38.0,6828.0
9857,17.0,2514.0
9859,22.0,3435.0
9861,29.0,5157.0
9863,26.0,11365.0
9865,13.0,2236.0
9867,21.0,3489.0
9869,7.0,1065.0
9871,254.0,39177.0
9873,18.0,3046.0
9875,8.0,1338.0
9879,13.0,2321.0
9881,5.0,695.0
9883,43.0,11577.0
9885,20.0,3057.0
9887,122.0,23344.0
9889,23.0,4253.0
9891,110.0,19835.0
9893,42.0,7485.0
9895,33.0,6791.0
9897,16.0,2512.0
9899,45.0,8196.0
9901,10.0,1536.0
9903,10.0,1814.0
9905,27.0,3818.0
9907,171.0,26509.0
9909,22.0,3856.0
9911,18.0,2862.0
9913,10.0,1124.0
9915,6.0,1075.0
9917,51.0,6810.0
9919,20.0,2531.0
9921,15.0,2006.0
9923,42.0,8101.0
9925,230.0,46488.0
9927,48.0,8142.0
9929,27.0,4072.0
9931,18.0,2762.0
9933,15.0,2203.0
9935,7.0,1626.0
9937,136.0,19368.0
9939,4.0,668.0
9941,11.0,1243.0
9943,2.0,89.0
9947,4.0,601.0
9949,30.0,6517.0
9951,9.0,1620.0
9953,6.0,951.0
9955,18.0,3389.0
9957,8.0,2364.0
9959,19.0,3709.0
9961,12.0,2637.0
9963,1.0,89.0
9965,5.0,732.0
9967,20.0,3453.0
9969,32.0,3799.0
9971,106.0,22107.0
9973,4.0,399.0
9975,10.0,1580.0
9977,10.0,1709.0
9979,15.0,2512.0
9981,23.0,5008.0
9983,285.0,43091.0
9985,36.0,5801.0
9989,4.0,1138.0
9991,3.0,577.0
9993,5.0,705.0
9995,27.0,4722.0
9997,45.0,11431.0
72,19.0,3117.0
74,10.0,1512.0
76,5.0,936.0
78,7.0,1044.0
80,15.0,3317.0
84,12.0,2296.0
86,7.0,1190.0
88,14.0,2746.0
90,7.0,1187.0
92,6.0,1240.0
94,20.0,4155.0
96,1.0,178.0
98,3.0,349.0
100,5.0,619.0
102,9.0,1562.0
165,3.0,554.0
167,24.0,3832.0
169,17.0,4487.0
171,13.0,2670.0
173,24.0,4567.0
175,7.0,1502.0
177,10.0,1920.0
179,19.0,3307.0
181,36.0,7672.0
183,5.0,823.0
185,35.0,7806.0
187,5.0,634.0
189,11.0,2355.0
191,19.0,3346.0
193,10.0,1510.0
195,11.0,1327.0
197,10.0,1361.0
199,44.0,6970.0
317,9.0,1976.0
321,12.0,2442.0
323,1.0,171.0
325,4.0,1075.0
327,15.0,2657.0
329,14.0,2842.0
331,10.0,1900.0
333,15.0,2630.0
335,2.0,212.0
337,6.0,707.0
339,7.0,1604.0
341,16.0,4885.0
343,1.0,281.0
345,22.0,3844.0
347,7.0,985.0
349,2.0,260.0
351,6.0,1022.0
353,7.0,1678.0
355,15.0,2809.0
357,9.0,1736.0
359,8.0,1233.0
361,5.0,909.0
363,7.0,1370.0
365,7.0,1089.0
367,24.0,4449.0
796,1.0,82.0
798,15.0,2580.0
800,7.0,1201.0
802,11.0,2521.0
804,8.0,1637.0
806,1.0,171.0
808,23.0,3941.0
810,3.0,401.0
812,10.0,2152.0
814,38.0,6877.0
816,6.0,1344.0
818,5.0,773.0
822,2.0,440.0
824,2.0,123.0
826,13.0,3006.0
828,2.0,212.0
2937,4.0,756.0
2939,17.0,2999.0
2941,4.0,677.0
2943,20.0,2692.0
2945,3.0,493.0
2949,55.0,7981.0
2951,596.0,118498.0
2953,10.0,1739.0
2955,9.0,2164.0
2957,19.0,2864.0
2959,16.0,2371.0
2961,7.0,809.0
2963,3.0,707.0
2969,28.0,4420.0
2971,8.0,869.0
2973,1.0,41.0
2975,10.0,2037.0
2977,9.0,1576.0
2979,17.0,2554.0
2983,5.0,736.0
2985,6.0,829.0
2987,10.0,1748.0
2989,7.0,1368.0
2993,52.0,8398.0
3053,5.0,742.0
3055,11.0,1544.0
3057,14.0,2057.0
3061,38.0,6977.0
3063,38.0,6389.0
3227,4.0,541.0
5445,1.0,269.0
5447,64.0,11150.0
6331,77.0,13178.0
6333,19.0,3396.0
6335,23.0,4295.0
6337,26.0,3566.0
6339,14.0,2447.0
6341,73.0,11782.0
6345,101.0,18676.0
6347,46.0,8917.0
6349,42.0,6100.0
6351,10.0,1878.0
6353,10.0,1229.0
6355,13.0,2494.0
6357,53.0,8085.0
6359,27.0,3944.0
6361,349.0,58318.0
6363,107.0,22211.0
6365,26.0,5007.0
6367,4.0,579.0
6369,97.0,13739.0
6371,383.0,61381.0
6373,30.0,3218.0
6375,42.0,6084.0
6377,1300.0,227051.0
6379,21.0,4204.0
6381,36.0,6217.0
6383,67.0,11790.0
6385,10.0,1447.0
6387,37.0,6594.0
6389,59.0,7946.0
6391,13.0,1847.0
6393,25.0,3845.0
6395,26.0,5192.0
6397,47.0,8279.0
6399,58.0,13743.0
6401,1200.0,194237.0
6403,201.0,35676.0
6405,16.0,2950.0
6407,4.0,314.0
6409,39.0,5786.0
6411,149.0,26838.0
6413,17.0,2460.0
6415,580.0,108803.0
6417,1.0,89.0
6419,3.0,431.0
6421,39.0,6553.0
6423,9.0,1651.0
6425,481.0,79924.0
6427,844.0,143530.0
6429,578.0,113310.0
6431,4.0,756.0
6433,9.0,891.0
6435,127.0,19119.0
6439,15.0,2490.0
6441,32.0,4866.0
6443,19.0,3219.0
6445,18.0,3182.0
6447,25.0,4444.0
6449,91.0,14251.0
6451,37.0,5727.0
6453,27.0,4040.0
6455,34.0,5522.0
6457,5.0,741.0
6459,30.0,4522.0
6461,8.0,1308.0
6463,20.0,2860.0
6465,44.0,4898.0
6467,103.0,20563.0
6469,178.0,32807.0
6471,17.0,2870.0
6473,118.0,21001.0
6475,407.0,62829.0
6479,15.0,2152.0
6481,22.0,3511.0
6483,11.0,1745.0
6485,16.0,3380.0
6487,157.0,28015.0
6489,23.0,4095.0
6491,24.0,4411.0
6493,170.0,26783.0
6495,130.0,26664.0
6497,10.0,1798.0
6499,27.0,4518.0
6501,108.0,18527.0
6503,57.0,7374.0
6505,20.0,3619.0
6509,42.0,7646.0
6511,234.0,30304.0
6513,8.0,1024.0
6515,12.0,2143.0
6517,9.0,1237.0
6519,23.0,3847.0
6521,61.0,10513.0
6523,21.0,3377.0
6525,10.0,1642.0
6527,56.0,10601.0
6529,27.0,6200.0
6531,13.0,2577.0
6533,12.0,1532.0
6535,56.0,8410.0
6537,51.0,7193.0
6539,24.0,3524.0
6541,12.0,2394.0
6543,431.0,79218.0
6545,351.0,49726.0
6547,249.0,35725.0
6549,131.0,18063.0
6551,843.0,142137.0
6553,119.0,18989.0
6555,26.0,4918.0
6557,44.0,6695.0
6559,52.0,9981.0
6561,15.0,2246.0
6563,834.0,123453.0
6565,97.0,14429.0
6567,53.0,9147.0
6571,55.0,11461.0
6573,64.0,15820.0
6575,32.0,6779.0
6577,28.0,4671.0
6579,487.0,87432.0
6581,180.0,32615.0
6583,127.0,23131.0
6585,16.0,2474.0
6587,182.0,25841.0
6589,378.0,58409.0
6591,7.0,1279.0
6593,39.0,6529.0
6595,105.0,20404.0
6597,85.0,14116.0
6599,14.0,2757.0
6601,209.0,21548.0
6603,88.0,13691.0
6605,64.0,11198.0
6607,168.0,23222.0
6609,4.0,733.0
6611,13.0,1719.0
6613,27.0,5513.0
6615,17.0,2382.0
6617,24.0,4317.0
6619,443.0,63915.0
6621,57.0,9711.0
6623,46.0,7783.0
6625,80.0,11757.0
6627,6.0,1425.0
6629,77.0,13834.0
6631,6.0,734.0
6633,11.0,1794.0
6635,141.0,18647.0
6637,91.0,15041.0
6639,757.0,157112.0
6641,10.0,1520.0
6643,146.0,20935.0
6645,168.0,23644.0
6647,128.0,23631.0
6649,75.0,12185.0
6651,5.0,1107.0
6653,29.0,5369.0
6655,16.0,2709.0
6657,12.0,1491.0
6659,9.0,1654.0
6661,15.0,1773.0
6663,12.0,1715.0
6665,5.0,725.0
6669,97.0,13974.0
6671,166.0,22809.0
6673,24.0,4342.0
6675,7.0,1794.0
6677,38.0,5974.0
6679,13.0,1686.0
6681,397.0,65714.0
6683,2.0,398.0
6685,41.0,7086.0
6687,152.0,26010.0
6689,414.0,63767.0
6691,10.0,1516.0
6693,9.0,1258.0
6695,99.0,16279.0
6697,25.0,3770.0
6699,69.0,11017.0
6701,2.0,260.0
6703,39.0,5525.0
6705,20.0,2473.0
6707,83.0,12049.0
6709,16.0,2810.0
6711,107.0,16156.0
6713,1400.0,280938.0
6715,172.0,28439.0
6717,92.0,16029.0
6719,16.0,3878.0
6721,1.0,89.0
6723,117.0,18881.0
6725,7.0,1054.0
6727,54.0,7850.0
6729,64.0,12183.0
6731,33.0,5539.0
6733,8.0,1584.0
6735,2.0,487.0
6737,314.0,55334.0
6739,87.0,16269.0
6741,21.0,3344.0
6743,8.0,1684.0
6745,3.0,677.0
6747,6.0,859.0
6749,36.0,6671.0
6751,16.0,2665.0
6753,12.0,1600.0
6755,19.0,3185.0
6757,13.0,2148.0
6759,39.0,6459.0
6761,40.0,6494.0
6763,17.0,3375.0
6765,17.0,4694.0
6767,11.0,1871.0
6769,81.0,12422.0
6771,57.0,8236.0
6773,16.0,3522.0
6775,9.0,1371.0
6777,11.0,1954.0
6779,138.0,26303.0
6781,9.0,1710.0
6783,11.0,1598.0
6785,5.0,458.0
6787,57.0,8642.0
6789,1930.0,313027.0
6791,8.0,1183.0
6793,82.0,12514.0
6795,177.0,29278.0
6797,44.0,9645.0
6799,19.0,2914.0
6801,19.0,2761.0
6803,32.0,4951.0
6805,13.0,2118.0
6807,48.0,8723.0
6809,46.0,8542.0
6811,125.0,18589.0
6813,26.0,3680.0
6815,6.0,827.0
6817,59.0,9969.0
6819,6.0,1304.0
6821,26.0,3954.0
6823,10.0,1393.0
6825,35.0,5130.0
6827,28.0,4401.0
6829,25.0,4393.0
6831,195.0,38170.0
6833,20.0,2287.0
6835,124.0,19243.0
6837,8.0,1310.0
6839,3.0,574.0
6841,87.0,18783.0
6843,129.0,20177.0
6845,29.0,4726.0
6847,130.0,24992.0
6849,29.0,3253.0
6851,15.0,2416.0
6853,183.0,28171.0
6855,5.0,604.0
6857,78.0,13112.0
6859,18.0,3183.0
6861,275.0,42760.0
6863,30.0,5858.0
6865,85.0,16928.0
6867,25.0,3719.0
6869,12.0,2587.0
6871,14.0,2144.0
6873,64.0,10123.0
6875,835.0,147148.0
6877,64.0,12784.0
6879,61.0,10635.0
6881,21.0,3894.0
6883,62.0,11297.0
6885,19.0,2150.0
6887,111.0,17062.0
6889,16.0,2010.0
6891,69.0,9418.0
6893,12.0,1287.0
6895,19.0,3466.0
6897,372.0,72956.0
6899,26.0,4531.0
6901,39.0,5015.0
6903,11.0,1652.0
6905,83.0,13220.0
6907,11.0,2220.0
6911,4.0,515.0
6913,82.0,11687.0
6915,77.0,11226.0
6917,16.0,2060.0
6919,65.0,13455.0
6921,227.0,35904.0
6923,3.0,602.0
6925,25.0,2923.0
6927,39.0,4324.0
6929,387.0,56635.0
6931,68.0,9652.0
6933,71.0,10624.0
6935,60.0,10938.0
6937,13.0,1975.0
6939,12.0,1922.0
6941,26.0,4396.0
6943,30.0,7217.0
6945,95.0,15650.0
6947,9.0,1743.0
6949,15.0,2806.0
6951,11.0,1905.0
6953,146.0,21685.0
6955,29.0,5587.0
6957,14.0,2695.0
6959,30.0,7482.0
6961,103.0,15778.0
6963,14.0,2174.0
6965,4.0,524.0
6967,186.0,30962.0
6969,948.0,163400.0
6971,13.0,2300.0
6973,6.0,595.0
6975,22.0,4166.0
6977,5.0,743.0
6979,245.0,37443.0
6981,15.0,2968.0
6983,156.0,25264.0
6985,31.0,6609.0
6987,41.0,7924.0
6989,10.0,1638.0
6991,7.0,1096.0
6993,9.0,1693.0
6995,5.0,1100.0
6997,19.0,3612.0
6999,15.0,2420.0
7001,27.0,3033.0
7003,21.0,4322.0
7005,167.0,32531.0
7007,76.0,13682.0
7009,12.0,1276.0
7011,9.0,1287.0
7013,34.0,4883.0
7015,2.0,82.0
7017,203.0,36832.0
7021,35.0,6182.0
7023,7.0,987.0
7025,8.0,1314.0
7027,35.0,4114.0
7029,85.0,16702.0
7031,38.0,7434.0
7033,58.0,9943.0
7035,14.0,2092.0
7037,89.0,14456.0
7039,10.0,1910.0
7041,15.0,2748.0
7043,9.0,2171.0
7045,1.0,246.0
7047,293.0,52146.0
7051,51.0,8541.0
7053,25.0,2957.0
7055,55.0,8098.0
7057,1689.0,300744.0
7059,13.0,2185.0
7061,107.0,14584.0
7063,5.0,1071.0
7065,12.0,1578.0
7067,5.0,861.0
7069,20.0,3639.0
7071,546.0,108106.0
7073,11.0,2233.0
7075,2300.0,413274.0
7077,87.0,13605.0
7079,565.0,106946.0
7081,4.0,474.0
7083,60.0,8193.0
7085,1.0,48.0
7089,35.0,3490.0
7091,44.0,9502.0
7093,4.0,531.0
7095,169.0,35699.0
7097,895.0,166999.0
7101,11.0,1312.0
7103,46.0,5570.0
7105,44.0,6084.0
7109,93.0,15857.0
7111,17.0,2798.0
7113,144.0,27038.0
7115,223.0,41056.0
7117,12.0,1406.0
7119,16.0,1741.0
7121,525.0,91338.0
7123,7.0,1094.0
7125,6.0,1165.0
7127,5.0,791.0
7129,64.0,10773.0
7131,138.0,27224.0
7133,39.0,5646.0
7135,283.0,46708.0
7137,38.0,6155.0
7139,83.0,13524.0
7141,6.0,702.0
7143,71.0,12866.0
7145,1200.0,172797.0
7147,7.0,1575.0
7149,577.0,103290.0
7151,653.0,94205.0
7153,44.0,7517.0
7155,29.0,4315.0
7157,698.0,117566.0
7159,13.0,2272.0
7161,40.0,7254.0
7163,11.0,2247.0
7165,15.0,2676.0
7167,64.0,13566.0
7169,135.0,21915.0
7171,17.0,2182.0
7173,26.0,5349.0
7175,245.0,37686.0
7177,47.0,7342.0
7179,7.0,1224.0
7181,287.0,45346.0
7183,242.0,35925.0
7185,14.0,1891.0
7187,52.0,7491.0
7189,12.0,2003.0
7191,89.0,14311.0
7193,5.0,966.0
7195,20.0,2837.0
7197,74.0,14155.0
7199,14.0,2808.0
7201,147.0,25729.0
7203,18.0,2682.0
7205,4.0,679.0
7209,298.0,49170.0
7211,22.0,4009.0
7213,6.0,1198.0
7215,2.0,732.0
7217,14.0,2268.0
7219,6.0,1222.0
7221,38.0,5834.0
7223,40.0,6765.0
7225,148.0,29194.0
7227,47.0,8916.0
7231,49.0,6735.0
7233,220.0,29003.0
7235,21.0,2479.0
7237,92.0,15876.0
7239,25.0,2906.0
7241,6.0,506.0
7243,193.0,34464.0
7245,225.0,35244.0
7249,3.0,349.0
7251,2.0,180.0
7253,12.0,1416.0
7255,21.0,3228.0
7257,24.0,4523.0
7259,11.0,2291.0
7263,7.0,1110.0
7265,45.0,6352.0
7267,30.0,5797.0
7273,93.0,18879.0
9207,26.0,4637.0
9213,51.0,10410.0
9219,35.0,6131.0
9237,9.0,1404.0
9239,24.0,3633.0
9241,550.0,73839.0
9243,70.0,10332.0
9245,7.0,930.0
9247,37.0,6236.0
9253,9.0,1468.0
9257,39.0,8580.0
9259,27.0,4728.0
9273,13.0,2101.0
9311,106.0,16644.0
9313,13.0,2406.0
9321,13.0,2120.0
9323,26.0,4006.0
9341,50.0,7762.0
9345,36.0,6378.0
9347,14.0,2282.0
9355,24.0,4254.0
9365,42.0,5856.0
9385,179.0,26460.0
9405,24.0,6400.0
9409,18.0,2559.0
9417,4.0,650.0
9441,11.0,1714.0
9461,69.0,10963.0
9463,34.0,5119.0
9469,17.0,2875.0
9481,37.0,6562.0
9483,13.0,2250.0
9499,5.0,1723.0
9519,83.0,12978.0
9521,64.0,12185.0
9525,21.0,2595.0
9527,25.0,4256.0
9529,10.0,1468.0
9533,30.0,7118.0
9537,12.0,1995.0
9547,10.0,1422.0
9551,12.0,2364.0
9553,13.0,1673.0
9559,253.0,40657.0
9569,6.0,936.0
9603,22.0,4658.0
9613,20.0,3543.0
9615,74.0,14487.0
9619,31.0,11546.0
9621,89.0,16558.0
9627,44.0,6786.0
9629,7.0,919.0
9643,44.0,7344.0
9649,10.0,1715.0
9659,51.0,9139.0
9663,40.0,7282.0
9665,37.0,6387.0
9667,21.0,3981.0
9679,14.0,2679.0
9683,12.0,2110.0
9685,33.0,5381.0
9691,38.0,6295.0
9693,14.0,2511.0
9695,12.0,2685.0
9697,19.0,2797.0
9699,17.0,3307.0
9703,8.0,1597.0
9705,10.0,1575.0
9711,12.0,1644.0
9713,6.0,1087.0
9715,11.0,1984.0
9717,49.0,13237.0
9721,15.0,2480.0
9723,12.0,1915.0
9725,27.0,4618.0
9727,33.0,7692.0
9729,20.0,3867.0
9731,3.0,821.0
9733,1114.0,184179.0
